교과,학년군,성취기준 코드,성취기준 문장,성취수준 상,성취수준 중,성취수준 하
바른 생활,2,[2바생01-01],생활에 필요한 자조 기술을 바르게 익힌다.,"일상생활에 필요한 자조 기술(옷 입기, 세수하기, 식사하기 등)을 스스로 정확하게 익혀 실천한다.",,
바른 생활,2,[2바생01-02],나를 항상 존중한다.,자신의 장점과 소중함을 알고 다양한 상황에서 자신을 존중하는 말과 행동을 한다.,,
바른 생활,2,[2바생01-03],나의 선호나 필요에 따라 능동적으로 선택한다.,여러 선택지 중 자신의 선호와 필요를 고려하여 스스로 선택하고 그 이유를 표현한다.,,
바른 생활,2,[2바생01-04],일상생활에서 나의 안전을 항상 실천한다.,일상생활의 다양한 상황에서 안전 규칙을 알고 스스로 실천한다.,,
바른 생활,2,[2바생01-05],나의 역할과 책임을 일관성 있게 실천한다.,가정과 학교에서 자신의 역할과 책임을 알고 꾸준히 실천한다.,,
바른 생활,2,[2바생01-06],함께 살아가는 데 필요한 규칙과 규범을 바르게 실천한다.,학교와 사회생활에서 지켜야 할 규칙과 규범을 알고 스스로 실천한다.,,
바른 생활,2,[2바생01-07],서로를 존중하며 예절을 지킨다.,"상황에 맞는 인사와 예절(고운 말, 양보 등)을 알고 일상에서 실천한다.",,
바른 생활,2,[2바생01-08],다양한 사람들과 함께하는 활동에 협동하며 참여한다.,다양한 친구들과 함께하는 활동에 적극적으로 협동하며 참여한다.,,
바른 생활,2,[2바생01-09],환경 보전 활동에 능동적으로 참여한다.,"분리수거, 물 절약 등 환경 보전 활동의 의미를 알고 스스로 실천한다.",,
바른 생활,2,[2바생01-10],주변의 생명체를 소중히 여긴다.,주변의 동식물의 소중함을 알고 보살피거나 보호하는 행동을 실천한다.,,
슬기로운 생활,2,[2슬생01-01],나를 다양하게 탐색한다.,"자신의 신체, 감정, 좋아하는 것 등을 다양한 방법으로 탐색하고 표현한다.",,
슬기로운 생활,2,[2슬생01-02],나의 하루를 적극적으로 알아본다.,자신의 하루 일과를 시간 순서대로 알고 다양한 방법으로 표현한다.,,
슬기로운 생활,2,[2슬생01-03],학교의 모습과 생활을 다양하게 탐색한다.,학교의 여러 공간과 생활 모습을 탐색하여 특징을 말이나 글로 표현한다.,,
슬기로운 생활,2,[2슬생01-04],여러 사람이 함께 쓰는 장소와 시설을 쓰임새에 맞게 이용한다.,공공장소와 시설의 쓰임새를 알고 상황에 맞게 바르게 이용한다.,,
슬기로운 생활,2,[2슬생01-05],생활 도구를 쓰임새에 맞게 사용한다.,여러 생활 도구의 쓰임새를 알고 상황에 맞게 안전하게 사용한다.,,
슬기로운 생활,2,[2슬생01-06],안전을 지키는 방법을 적극적으로 익힌다.,일상에서 자주 만나는 위험 상황과 안전 방법을 알고 스스로 실천한다.,,
슬기로운 생활,2,[2슬생01-07],여러 가지 매체에 관심을 갖고 사용한다.,"책, TV, 컴퓨터 등 다양한 매체에 관심을 가지고 적절한 방법으로 사용한다.",,
슬기로운 생활,2,[2슬생01-08],자연물을 자유롭게 탐색한다.,"주변의 자연물(돌, 나뭇잎, 흙 등)을 다양한 감각으로 자유롭게 탐색한다.",,
슬기로운 생활,2,[2슬생01-09],날씨와 계절에 따른 생활 모습에 관심을 갖고 탐색한다.,날씨와 계절에 따른 생활 모습의 변화를 관찰하고 다양하게 표현한다.,,
슬기로운 생활,2,[2슬생01-10],동식물에 관심을 갖고 다양하게 알아본다.,주변의 동식물을 관찰하여 특징을 알고 다양한 방법으로 표현한다.,,
슬기로운 생활,2,[2슬생01-11],우리나라의 문화에 관심을 갖고 알아본다.,"우리나라의 명절, 음식, 놀이 등 문화에 관심을 갖고 알아본다.",,
건강한 생활,2,[2건생01-01],몸의 움직임을 자유롭게 경험한다.,"걷기, 뛰기, 던지기 등 다양한 몸의 움직임을 자유롭게 경험하고 표현한다.",,
건강한 생활,2,[2건생01-02],신체 활동에 꾸준히 참여한다.,다양한 신체 활동에 흥미를 갖고 꾸준히 참여한다.,,
건강한 생활,2,[2건생01-03],규칙을 지키며 신체 활동에 참여한다.,놀이와 신체 활동의 규칙을 알고 지키며 참여한다.,,
건강한 생활,2,[2건생01-04],놀이를 자발적으로 즐긴다.,다양한 놀이를 자발적으로 선택하고 즐겁게 참여한다.,,
건강한 생활,2,[2건생01-05],친구와 함께 즐겁게 어울린다.,친구와 함께하는 놀이와 활동에 즐겁게 어울려 참여한다.,,
건강한 생활,2,[2건생01-06],몸을 건강하게 하는 생활 습관을 기른다.,"손 씻기, 양치하기, 일찍 자기 등 건강한 생활 습관을 알고 스스로 실천한다.",,
즐거운 생활,2,[2즐생01-01],나의 감각을 다양하게 느낀다.,"보기, 듣기, 만지기 등 다양한 감각을 활용하여 주변 세계를 느끼고 표현한다.",,
즐거운 생활,2,[2즐생01-02],자연과 생활 속의 아름다움을 느끼며 예술에 대한 흥미와 관심을 가진다.,자연과 생활 속에서 아름다움을 발견하고 예술 활동에 흥미를 가진다.,,
즐거운 생활,2,[2즐생01-03],나와 주변 세계를 소리로 다양하게 표현한다.,다양한 소리와 리듬으로 자신과 주변을 자유롭게 표현한다.,,
즐거운 생활,2,[2즐생01-04],나와 주변 세계를 색과 모양으로 다양하게 표현한다.,여러 색과 모양을 활용하여 자신과 주변을 자유롭게 표현한다.,,
즐거운 생활,2,[2즐생01-05],관심 있거나 좋아하는 것으 로 자유롭게 논다.,관심 있거나 좋아하는 것을 활용하여 다양한 방법으로 자유롭게 논다.,,
즐거운 생활,2,[2즐생01-06],다양한 예술 활동을 즐긴다.,"음악, 미술, 신체 표현 등 다양한 예술 활동에 즐겁게 참여한다.",,
국어,2,[2국어01-01],여러 가지 소리의 의미를 이해하고 구별한다.,일상생활에서 들리는 다양한 소리를 듣고 의미를 파악하여 적절히 반응한다.,,
국어,2,[2국어01-02],"표정과 몸짓의 의미를 이해하고, 표정과 몸짓으로 감정이나 요구를 표현한다.",다양한 표정과 몸짓의 의미를 이해하고 자신의 감정과 요구를 정확히 표현한다.,,
국어,2,[2국어01-03],다양한 방법으로 의사소통을 시도한다.,"말, 그림, 몸짓 등 다양한 방법을 활용하여 자신의 의사를 표현하고 소통한다.",,
국어,2,[2국어01-04],의사소통에 자발적이고 적극적으로 참여한다.,여러 의사소통 상황에 자발적으로 참여하여 자신의 생각과 감정을 적극적으로 나눈다.,,
국어,2,[2국어02-01],"점, 선, 면으로 구성된 여러 가지 형태를 탐색한다.","점, 선, 면으로 구성된 다양한 형태를 탐색하여 특징을 비교하고 표현한다.",,
국어,2,[2국어02-02],글자의 기초가 되는 여러 가지 모양을 변별한다.,글자의 기초가 되는 다양한 모양을 변별하고 비교하여 구분한다.,,
국어,2,[2국어02-03],"일상생활에서 자주 볼 수 있는 실물, 그림, 상징, 기호에 관심을 가진다.","일상생활에서 자주 보는 실물, 그림, 상징, 기호를 변별하고 의미를 안다.",,
국어,2,[2국어02-04],"실물, 그림, 상징이 소리로 표현되는 것을 알고, 읽는 활동에 관심을 가진다.","실물, 그림, 상징이 글자와 소리로 표현됨을 알고 읽기 활동에 적극 참여한다.",,
국어,2,[2국어03-01],끼적이기에 재미를 느끼며 자유롭게 끼적인다.,끼적이기에 흥미를 느끼며 다양한 도구로 자유롭게 끼적이며 표현한다.,,
국어,2,[2국어03-02],글자의 기초가 되는 선과 모양을 알고 다양한 방법으로 표현한다.,글자의 기초가 되는 선과 모양을 알고 다양한 방법으로 표현한다.,,
국어,4,[4국어01-01],일상생활이나 자신과 관련된 단어를 사용하여 의사를 표현한다.,일상생활이나 자신과 관련된 다양한 단어를 적절히 사용하여 자신의 의사를 명확하게 표현한다.,,
국어,4,[4국어01-02],요청하는 말을 듣고 이해하여 행동으로 나타낸다.,다양한 요청하는 말을 듣고 정확히 이해하여 적절한 행동으로 나타낸다.,,
국어,4,[4국어01-03],자신과 관련된 간단한 질문에 대답한다.,자신과 관련된 다양한 질문에 적절한 단어와 문장으로 대답한다.,,
국어,4,[4국어01-04],바른 자세로 대화에 참여한다.,바른 자세와 태도로 대화에 적극적으로 참여하여 자신의 생각을 나눈다.,,
국어,4,[4국어02-01],바른 자세로 친숙한 단어를 소리 내어 읽는다.,바른 자세로 친숙한 단어를 정확하게 소리 내어 읽는다.,,
국어,4,[4국어02-02],"그림책이나 환경 인쇄물 등에서 단어, 상징의 의미를 파악한다.",그림책이나 환경 인쇄물에서 다양한 단어와 상징의 의미를 정확히 파악한다.,,
국어,4,[4국어02-03],"상징, 글자, 그림 단서를 활용하여 인물과 장면을 파악한다.","상징, 글자, 그림 단서를 종합적으로 활용하여 인물과 장면을 정확히 파악한다.",,
국어,4,[4국어02-04],"그림책, 환경 인쇄물, 책 등 다양한 읽을거리에 관심을 가진다.","그림책, 환경 인쇄물, 책 등 다양한 읽을거리에 흥미를 갖고 적극 활용한다.",,
국어,4,[4국어03-01],다양한 방법으로 글자 모양을 만든다.,다양한 도구와 방법을 활용하여 글자 모양을 정확하게 만든다.,,
국어,4,[4국어03-02],쓰기 도구를 바르게 잡고 글자 모양을 따라 쓴다.,쓰기 도구를 바르게 잡고 다양한 글자 모양을 정확히 따라 쓴다.,,
국어,4,[4국어03-03],나와 관련 있는 친숙한 글자를 보고 쓰면서 쓰기 활동에 관심을 가진다.,자신과 관련된 친숙한 글자를 보고 정확히 쓰며 쓰기 활동에 적극 참여한다.,,
국어,6,[6국어01-01],단어와 문장을 듣고 뜻을 파악한다.,다양한 단어와 문장을 듣고 그 의미를 정확히 파악하여 적절히 반응한다.,,
국어,6,[6국어01-02],모습과 행동을 단어나 문장으로 표현한다.,사람의 다양한 모습과 행동을 단어나 문장으로 정확하게 표현한다.,,
국어,6,[6국어01-03],시간이나 장소를 나타내는 말을 사용하여 경험한 일을 상대방에게 전달한다.,시간이나 장소를 나타내는 말을 사용하여 경험한 일을 구체적으로 전달한다.,,
국어,6,[6국어01-04],묻는 말의 의미를 이해하여 적절한 질문과 대답을 한다.,다양한 묻는 말의 의미를 정확히 이해하여 적절한 질문과 대답을 한다.,,
국어,6,[6국어01-05],바르고 고운 말을 사용하여 대화한다.,바르고 고운 말의 가치를 알고 다양한 상황에서 바른 말로 대화한다.,,
국어,6,[6국어02-01],글자의 구성 요소와 짜임을 익혀 단어를 소리 내어 읽는다.,글자의 구성 요소와 짜임을 정확히 익혀 다양한 단어를 소리 내어 읽는다.,,
국어,6,[6국어02-02],여러 가지 매체 자료에서 단어의 의미를 파악한다.,다양한 매체 자료에서 단어의 의미를 정확히 파악하고 활용한다.,,
국어,6,[6국어02-03],그림을 단서로 문장의 내용을 이해한다.,그림을 단서로 활용하여 다양한 문장의 내용을 정확히 이해한다.,,
국어,6,[6국어02-04],"일상생활에서 접하는 동시, 노랫말, 이야기 등에 재미를 느끼며 읽는다.","일상생활의 동시, 노랫말, 이야기에 흥미를 느끼며 즐겁게 읽는다.",,
국어,6,[6국어02-05],"다양한 매체 자료와 글에 흥미를 느끼고, 올바른 읽기 습관을 기른다.",다양한 매체 자료와 글에 흥미를 느끼고 올바른 읽기 습관을 실천한다.,,
국어,6,[6국어03-01],글자의 짜임을 알고 획순에 따라 한글 자모를 쓴다.,글자의 짜임을 정확히 알고 획순에 따라 한글 자모를 바르게 쓴다.,,
국어,6,[6국어03-02],단어가 가진 의미를 알고 일상생활에서 자주 사용하는 단어를 쓴다.,다양한 단어의 의미를 정확히 알고 일상생활에서 자주 쓰는 단어를 바르게 쓴다.,,
국어,6,[6국어03-03],쓰기에 흥미를 느끼고 바른 자세와 태도로 글자를 쓴다.,쓰기에 적극적인 흥미를 느끼고 바른 자세로 글자를 정확하게 쓴다.,,
국어,9,[9국어01-01],상대방의 이야기를 듣고 주요 내용을 파악한다.,상대방의 다양한 이야기를 듣고 주요 내용을 정확히 파악하여 표현한다.,,
국어,9,[9국어01-02],사건이나 사실을 분명하게 전달한다.,다양한 사건이나 사실을 분명하고 구체적으로 전달한다.,,
국어,9,[9국어01-03],"준언어적, 비언어적 표현 요소를 활용하여 자신의 감정이나 느낌을 표현한다.","준언어적, 비언어적 표현을 다양하게 활용하여 자신의 감정과 느낌을 정확히 표현한다.",,
국어,9,[9국어01-04],대화 예절을 지키며 상대방의 말에 적절한 질문과 대답으로 대화를 이어 간다.,대화 예절을 지키며 적절한 질문과 대답으로 대화를 이어 간다.,,
국어,9,[9국어01-05],인사말과 높임 표현을 사용하여 상황과 상대방에 따라 적절하게 말한다.,인사말과 높임 표현을 상황과 상대방에 따라 정확하게 사용한다.,,
국어,9,[9국어02-01],단어의 의미 관계를 이해하고 의미 관계에 알맞게 띄어 읽는다.,단어의 의미 관계를 정확히 이해하고 알맞게 띄어 읽는다.,,
국어,9,[9국어02-02],문장의 의미를 파악하여 주요 내용을 확인한다.,다양한 문장의 의미를 정확히 파악하여 주요 내용을 확인한다.,,
국어,9,[9국어02-03],문장을 읽고 인물의 생각이나 마음을 이해한다.,다양한 문장을 읽고 인물의 생각이나 마음을 정확히 이해하여 표현한다.,,
국어,9,[9국어02-04],다양한 읽을거리를 스스로 찾아 즐겨 읽는 태도를 기른다.,다양한 읽을거리를 스스로 찾아 즐겨 읽는 태도를 적극 실천한다.,,
국어,9,[9국어02-05],글을 읽고 글에 대한 느낌과 경험을 다른 사람과 나눈다.,글을 읽고 글에 대한 자신의 느낌과 경험을 다른 사람과 풍부하게 나눈다.,,
국어,9,[9국어03-01],"사물의 이름, 존재, 상태, 동작을 나타내는 단어를 바르게 쓴다.","사물의 이름, 존재, 상태, 동작을 나타내는 다양한 단어를 정확히 쓴다.",,
국어,9,[9국어03-02],기록의 필요성을 알고 일상생활에 필요한 내용과 정보를 메모한다.,기록의 필요성을 정확히 알고 일상의 필요한 내용과 정보를 메모한다.,,
국어,9,[9국어03-03],문장의 기본 구조를 알고 문장을 쓴다.,문장의 기본 구조를 정확히 알고 문법에 맞게 문장을 쓴다.,,
국어,9,[9국어03-04],쓰기에 자신감을 가지고 단어나 문장으로 쓰려는 태도를 기른다.,쓰기에 자신감을 가지고 단어와 문장으로 표현하는 태도를 적극 실천한다.,,
국어,12,[12국어01-01],정보를 전달하는 말을 듣고 자신에게 필요한 내용을 파악한다.,정보를 전달하는 다양한 말을 듣고 자신에게 필요한 내용을 정확히 파악한다.,,
국어,12,[12국어01-02],상대방의 말에 적절히 반응하며 공감하는 대화를 한다.,상대방의 말에 적절히 반응하며 적극적으로 공감하는 대화를 한다.,,
국어,12,[12국어01-03],생각을 주고받으며 대화를 나눈다.,다양한 생각을 주고받으며 풍부하게 대화를 나눈다.,,
국어,12,[12국어01-04],대화 목적에 따라 적절한 내용과 태도로 말한다.,대화 목적에 따라 적절한 내용과 태도로 정확하게 말한다.,,
국어,12,[12국어01-05],다양한 매체와 매체 자료를 활용하여 의사소통한다.,다양한 매체와 매체 자료를 적극 활용하여 효과적으로 의사소통한다.,,
국어,12,[12국어02-01],글의 느낌과 분위기를 살려 유창하게 읽는다.,글의 느낌과 분위기를 정확히 살려 유창하게 읽는다.,,
국어,12,[12국어02-02],글의 중심 내용을 파악하고 대강의 내용을 간추린다.,글의 중심 내용을 정확히 파악하고 대강의 내용을 풍부하게 간추린다.,,
국어,12,[12국어02-03],글쓴이와 등장인물의 생각을 파악하고 경험과 관련짓는다.,글쓴이와 등장인물의 생각을 정확히 파악하고 자신의 경험과 풍부하게 관련짓는다.,,
국어,12,[12국어02-04],글과 매체 자료의 유형에 따라 다양한 읽기 방법을 적용하여 읽는다.,글과 매체 자료의 유형에 따라 다양한 읽기 방법을 정확히 적용하여 읽는다.,,
국어,12,[12국어02-05],"일상생활에서 다양한 글과 책, 매체 자료를 즐겨 읽는다.","일상생활에서 다양한 글, 책, 매체 자료를 적극적으로 즐겨 읽는다.",,
국어,12,[12국어03-01],문장 부호의 이름과 쓰임을 알고 문장에 사용한다.,다양한 문장 부호의 이름과 쓰임을 정확히 알고 문장에 활용한다.,,
국어,12,[12국어03-02],주제와 내용이 자연스럽게 연결되는 짧은 글을 쓴다.,주제와 내용이 자연스럽게 연결되는 짧은 글을 정확히 쓴다.,,
국어,12,[12국어03-03],쓰기 매체를 활용하여 일상생활과 관련된 내용을 쓴다.,쓰기 매체를 적극 활용하여 일상생활과 관련된 다양한 내용을 쓴다.,,
국어,12,[12국어03-04],"쓰기로 소통하는 즐거움을 느끼고, 언어 예절을 지켜 글 쓰는 태도를 기른다.",쓰기로 소통하는 즐거움을 느끼고 언어 예절을 지켜 글 쓰는 태도를 적극 실천한다.,,
사회,4,[4사회01-01],나의 여러 모습을 살펴보고 나를 좋아하는 마음을 가진다.,자신의 다양한 모습과 특성을 살펴보고 자신을 좋아하는 마음을 적극적으로 표현한다.,,
사회,4,[4사회02-01],"오늘날 다양한 가족의 형태(예: 혈연관계, 비혈연 관계, 확대 가족, 핵가족, 한 부모 가족, 조손 가족, 다문화 가족)를 고려하여 특정 가족 형태에 대한 편견을 갖지 않 도록 유의한다.",다양한 형태의 가족이 있음을 알고 가족마다 소중한 가치가 있음을 이해한다.,,
사회,4,[4사회02-02],가족 간에 서로 존중하는 모습을 보며 가족에게 예의 바르게 행동한다.,가족 간에 서로 존중하는 모습을 알고 가족에게 예의 바르게 행동한다.,,
사회,4,[4사회02-03],학교에서 친구를 아끼고 사이좋게 생활한다.,학교에서 친구를 아끼는 마음을 가지고 사이좋게 생활한다.,,
사회,4,[4사회03-01],우리 동네의 모습을 살펴보고 이웃들이 살아가는 모습에 관심을 가진다.,우리 동네의 다양한 모습을 살펴보고 이웃들이 살아가는 모습에 관심을 갖고 표현한다.,,
사회,4,[4사회03-02],우리 이웃 사람들의 다양한 경제활동을 살펴보고 이웃들의 경제활동에 관심을 가진다.,우리 이웃의 다양한 경제활동을 알고 경제활동에 관심을 보이며 표현한다.,,
사회,4,[4사회03-03],나와 우리 가족 구성원이 변화해온 모습을 살펴보며 가족의 변화 모습에 관심을 가진다.,나와 가족 구성원의 변화 모습을 살펴보고 가족의 변화에 관심을 갖는다.,,
사회,4,[4사회03-04],"가족, 친구와 여러 가지 문화 활동에 즐겁게 참여한다.","가족, 친구와 다양한 문화 활동에 즐겁게 참여하고 경험을 표현한다.",,
사회,4,[4사회03-05],학교생활에서 지켜야 하는 규칙을 살펴보고 이를 지킨다.,학교생활에서 지켜야 할 다양한 규칙을 알고 스스로 지킨다.,,
사회,4,[4사회03-06],우리나라를 상징하는 것들을 살펴보고 나라 사랑하는 마음을 기른다.,"우리나라를 상징하는 것(태극기, 무궁화 등)을 알고 나라 사랑하는 마음을 표현한다.",,
사회,6,[6사회01-01],나의 특징을 다양한 방법으로 표현하고 나를 소중히 여긴다.,자신의 다양한 특징을 여러 방법으로 표현하고 자신을 소중히 여기는 태도를 실천한다.,,
사회,6,[6사회01-02],일상생활에서 활동이나 물건을 선택하고 나의 선택을 중요하게 여기는 태도를 기른다.,일상생활에서 활동이나 물건을 스스로 선택하고 자신의 선택을 소중히 여긴다.,,
사회,6,[6사회02-01],가족과 이웃들이 사이좋게 지내는 모습을 살펴보며 가족과 이웃을 소중히 여긴다.,가족과 이웃이 사이좋게 지내는 모습을 살펴보고 가족과 이웃을 소중히 여긴다.,,
사회,6,[6사회02-02],친구와 사이좋게 지내며 친구와의 우정을 소중히 여긴다.,친구와 사이좋게 지내며 우정의 가치를 알고 소중히 여긴다.,,
사회,6,[6사회02-03],학교에서 만나는 사람들에게 예의 바른 행동을 한다.,학교에서 만나는 다양한 사람들에게 상황에 맞게 예의 바르게 행동한다.,,
사회,6,[6사회02-04],이웃에서 만나는 사람들에게 예의 바른 행동을 한다.,이웃에서 만나는 다양한 사람들에게 상황에 맞게 예의 바르게 행동한다.,,
사회,6,[6사회03-01],우리 지역의 자연환경과 인문환경에 따라 사람들이 살아가는 모습을 살펴보며 우리 지역의 모습에 관심을 가진다.,우리 지역의 자연환경과 인문환경에 따른 사람들의 생활 모습에 관심을 갖고 표현한다.,,
사회,6,[6사회03-02],우리 지역의 사람들이 다양한 경제활동에 참여하는 것을 살펴보며 우리 지역의 경제활동에 관심을 가진다.,우리 지역의 다양한 경제활동에 적극적인 관심을 갖고 표현한다.,,
사회,6,[6사회03-03],우리 지역의 문화 유적을 살펴보며 옛사람들의 생활 모습에 관심을 가진다.,우리 지역의 문화 유적을 살펴보며 옛사람들의 생활 모습에 관심을 표현한다.,,
사회,6,[6사회03-04],"가족, 친구와 여러 지역의 문화 활동에 관심을 가지고 참여한다.","가족, 친구와 여러 지역의 다양한 문화 활동에 관심을 가지고 적극 참여한다.",,
사회,6,[6사회03-05],사람들이 지키는 생활 규범에 관심을 갖고 나의 일상 속에서 지킨다.,사회의 다양한 생활 규범에 관심을 갖고 일상생활에서 스스로 지킨다.,,
사회,6,[6사회03-06],독도의 상징성과 중요성을 바탕으로 우리나라를 아끼는 태도를 지니도록 한 다.,독도의 상징성과 중요성을 이해하고 우리나라를 아끼는 태도를 실천한다.,,
사회,9,[9사회01-01],나의 특성을 파악하고 자신을 존중하는 태도를 기른다.,자신의 다양한 특성을 정확히 파악하고 자신을 존중하는 태도를 적극 실천한다.,,
사회,9,[9사회01-02],일상에서 여러 가지를 선택하고 결정하여 자기 결정력을 기른다.,일상생활에서 다양한 선택과 결정을 통해 자기 결정력을 적극 실천한다.,,
사회,9,[9사회02-01],일상에서 자신에게 주어진 역할을 성실한 태도로 실천한다.,일상에서 자신에게 주어진 다양한 역할을 성실한 태도로 적극 실천한다.,,
사회,9,[9사회02-02],주변 사람을 소중히 여기는 마음을 가지고 존중하며 친절하게 대한다.,주변 사람을 소중히 여기는 마음으로 존중하며 친절하게 대하는 행동을 실천한다.,,
사회,9,[9사회02-03],주변 사람들의 사회적 상호 작용 모습을 조사하고 사회적 관계를 형성하려는 마음을 가진다.,주변 사람들의 사회적 상호작용을 조사하고 사회적 관계 형성에 적극적인 태도를 실천한다.,,
사회,9,[9사회02-04],사회적 상황에서 타인의 행동과 감정을 분석하고 공감한다.,사회적 상황에서 타인의 행동과 감정을 정확히 분석하고 적극적으로 공감을 표현한다.,,
사회,9,[9사회03-01],우리나라의 자연환경과 인문환경 특징을 파악하고 환경을 소중히 여긴다.,우리나라의 자연환경과 인문환경의 특징을 정확히 파악하고 환경을 소중히 여긴다.,,
사회,9,[9사회03-02],여러 지역 사람들의 다양한 경제활동 모습을 조사하며 나라의 경제활동에 관심을 가진다.,여러 지역 사람들의 다양한 경제활동을 조사하고 경제활동에 적극적인 관심을 표현한다.,,
사회,9,[9사회03-03],다른 지역의 문화 유적 관람 등은 [9사회03-04]와 연계한다.,다른 지역의 다양한 문화 유적을 관람하고 그 의미를 정확히 표현한다.,,
사회,9,[9사회03-04],와 연계한다.,우리나라의 다양한 문화유산을 익히고 그 가치를 적극 표현한다.,,
사회,9,[9사회03-05],일상에서 민주적 생활 태도를 기르고 실천한다.,일상생활에서 다양한 민주적 생활 태도를 기르고 적극 실천한다.,,
사회,9,[9사회03-06],우리나라 영토 수호의 역사적 사건과 관련한 문화유산을 익히기 위해 [9사회 03-04]와 연계한다.,우리나라 영토 수호의 역사적 사건과 문화유산을 정확히 익히고 표현한다.,,
사회,9,[9사회03-07],우리 사회가 변화하는 모습을 조사하고 사회 변화에 관심을 가진다.,우리 사회가 변화하는 다양한 모습을 조사하고 사회 변화에 적극적인 관심을 표현한다.,,
사회,12,[12사회01-01],자신의 소중함과 가치를 발견하여 자신을 긍정적으로 인식한다.,자신의 소중함과 가치를 정확히 발견하여 자신을 적극적으로 긍정한다.,,
사회,12,[12사회01-02],자신의 요구와 권리를 상황에 맞게 표현하며 자기 결정을 생활화한다.,자신의 요구와 권리를 상황에 맞게 정확히 표현하며 자기 결정을 일상화한다.,,
사회,12,[12사회03-05],", [12사회03-06], [12사회03-07]과 연계한다.",우리나라의 다양한 문화와 역사 자료를 정확히 살펴보고 풍부하게 표현한다.,,
사회,12,[12사회03-06],", [12사회03-07]과 연계한다.",우리나라의 영토와 문화유산의 가치를 정확히 알고 적극 표현한다.,,
사회,12,[12사회02-01],정직하고 성실하게 살아가는 태도를 실천한다.,정직하고 성실하게 살아가는 다양한 태도를 일상에서 적극 실천한다.,,
사회,12,[12사회02-02],다른 사람을 존중하고 배려하며 생명을 소중히 여긴다.,다른 사람을 존중하고 배려하며 생명을 소중히 여기는 행동을 적극 실천한다.,,
사회,12,[12사회02-03],다양한 사회적 관계유형에 따른 역할 행동을 일상에서 실천한다.,다양한 사회적 관계 유형에 따른 역할 행동을 일상에서 적극 실천한다.,,
사회,12,[12사회02-04],사회적 관계에서의 갈등 상황을 분석하고 서로의 입장을 존중한다.,사회적 관계의 갈등 상황을 정확히 분석하고 서로의 입장을 적극 존중한다.,,
사회,12,[12사회03-01],세계 곳곳의 사람들이 환경과 조화를 이루며 살아가는 모습을 파악하고 일상에서 환경친화적 생활 태도를 실천한다.,세계 곳곳 사람들이 환경과 조화 이루는 모습을 정확히 파악하고 환경친화적 생활을 적극 실천한다.,,
사회,12,[12사회03-02],사람들의 다양한 경제활동 모습을 분석하며 경제생활 주체로서의 삶의 태도를 지닌다.,사람들의 다양한 경제활동 모습을 정확히 분석하며 경제생활 주체의 태도를 실천한다.,,
사회,12,[12사회03-03],우리나라의 문화유산을 조사하고 우리 역사에 자부심을 느낀다.,우리나라의 다양한 문화유산을 정확히 조사하고 우리 역사에 자부심을 적극 표현한다.,,
사회,12,[12사회03-04],여러 사람과 다양한 문화 활동을 하며 문화적 소양을 기른다.,여러 사람과 다양한 문화 활동을 풍부하게 하며 문화적 소양을 적극 실천한다.,,
사회,12,[12사회03-07],과 연계한다.,우리나라의 변화 과정과 문화유산의 가치를 정확히 알고 풍부하게 표현한다.,,
사회,12,[12사회03-08],과 연계한다.,다양한 사회 변화 모습과 그 의미를 정확히 알고 풍부하게 표현한다.,,
수학,2,[2수학01-01],주변을 탐색하여 방금 전에 보았던 사물을 찾는다.,주변을 탐색하여 방금 전에 보았던 사물을 정확하게 찾는다.,,
수학,2,[2수학01-02],제시한 구체물과 같거나 다른 구체물을 찾는다.,제시한 구체물과 같거나 다른 구체물을 변별하여 분류한다.,,
수학,2,[2수학01-03],구체물을 보고 많은 것과 적은 것을 비교한다.,여러 구체물의 양을 보고 많은 것과 적은 것을 정확히 비교한다.,,
수학,2,[2수학01-04],서로 관계있는 구체물을 찾아 일대일로 짝짓는다.,서로 관계있는 구체물을 찾아 정확하게 일대일로 짝짓는다.,,
수학,2,[2수학01-05],구체물을 한 가지 기준에 따라 순서대로 배열한다.,"크기, 길이 등 한 가지 기준에 따라 구체물을 순서대로 배열한다.",,
수학,2,[2수학01-06],"구체물이 있고 없음을 구별하고, 한 개와 여러 개를 구별한다.","구체물의 있고 없음을 구별하고, 한 개와 여러 개를 정확히 구별한다.",,
수학,2,[2수학01-07],다섯 개 이하 구체물의 개수를 센다.,다섯 개 이하의 구체물의 개수를 정확하게 센다.,,
수학,2,[2수학01-08],배열이 다른 구체물의 개수를 세어 비교한다.,배열이 다른 구체물의 개수를 정확히 세어 비교한다.,,
수학,2,[2수학01-09],다섯 개 이하의 구체물을 양쪽으로 가른다.,다섯 개 이하의 구체물을 두 묶음으로 정확하게 가른다.,,
수학,2,[2수학01-10],양쪽의 구체물을 하나로 모은다.,나뉘어 있는 양쪽의 구체물을 하나로 정확하게 모은다.,,
수학,2,[2수학01-11],화폐의 용도를 알고 구체물 중에서 화폐를 찾는다.,화폐의 용도를 알고 여러 사물 중에서 화폐를 정확히 찾는다.,,
수학,2,[2수학02-01],생활 주변에서 볼 수 있는 사물의 모양을 관찰한다.,생활 주변의 다양한 사물의 모양을 관찰하고 특징을 말로 표현한다.,,
수학,2,[2수학02-02],여러 가지 사물의 모양의 기초적인 특성을 구별한다.,"여러 사물의 모양을 비교하여 기초적인 특성(둥글다, 모났다 등)을 구별한다.",,
수학,2,[2수학02-03],직관적인 비교를 통하여 같은 모양과 다른 모양을 찾는다.,두 사물을 직관적으로 비교하여 같은 모양과 다른 모양을 정확히 찾는다.,,
수학,2,[2수학02-04],주변의 물건을 자유롭게 옮긴다.,주변의 여러 물건을 자유롭게 옮기며 위치를 바꾼다.,,
수학,2,[2수학02-05],"나를 중심으로 앞, 뒤, 옆, 위, 아래를 구별한다.","자신을 중심으로 앞, 뒤, 옆, 위, 아래의 위치를 정확히 구별한다.",,
수학,2,[2수학03-01],"여러 가지 구체물의 크기, 길이, 무게를 감각적으로 경험한다.","여러 구체물의 크기, 길이, 무게를 다양한 감각으로 경험하고 표현한다.",,
수학,2,[2수학03-02],"구체물 두 개의 크기, 길이를 직관적으로 비교하고 용어로 나타낸다.",두 구체물의 크기와 길이를 직관적으로 비교하여 적절한 용어로 표현한다.,,
수학,2,[2수학03-03],구체물 두 개의 무게를 직관적으로 비교하고 용어로 나타낸다.,두 구체물의 무게를 직관적으로 비교하여 적절한 용어로 표현한다.,,
수학,2,[2수학03-04],생활 모습을 관찰하여 낮과 밤으로 나타낸다.,하루의 생활 모습을 관찰하여 낮과 밤으로 구분하고 표현한다.,,
수학,2,[2수학03-05],시간의 변화에 따른 일상생활의 모습을 관찰하여 전과 후로 구분한다.,시간의 변화에 따른 일상의 모습을 관찰하여 전과 후로 구분한다.,,
수학,2,[2수학04-01],"시각적, 청각적, 운동적 표현을 통해 생활 주변에서 반복되는 규칙을 경험한다.","시각, 청각, 운동 표현을 통해 주변의 반복되는 규칙을 발견하고 표현한다.",,
수학,2,[2수학04-02],"소리와 리듬, 동작 등을 통해 반복되는 규칙을 따라 한다.","소리, 리듬, 동작의 반복 규칙을 정확히 따라 하며 새로 만들어 표현한다.",,
수학,2,[2수학05-01],여러 가지 분류 상황을 경험한다.,구체물을 한 가지 기준에 따라 분류하는 활동을 다양하게 경험한다.,,
수학,4,[4수학01-01],열 개 이하의 구체물 개수를 센다.,열 개 이하의 다양한 구체물의 개수를 정확하게 센다.,,
수학,4,[4수학01-02],두 모음의 구체물 개수를 비교하고 많고 적음을 표현한다.,두 모음의 구체물 개수를 비교하여 많고 적음을 정확히 표현한다.,,
수학,4,[4수학01-03],9 이하의 수를 읽고 쓴다.,9 이하의 수를 정확하게 읽고 쓴다.,,
수학,4,[4수학01-04],0의 개념을 알고 0을 읽고 쓴다.,0의 개념을 정확히 이해하고 0을 읽고 쓴다.,,
수학,4,[4수학01-05],9 이하의 수 크기를 비교한다.,9 이하의 수의 크기를 정확히 비교하여 큰 수와 작은 수를 구별한다.,,
수학,4,[4수학01-06],구체물의 배열을 순서수로 표현한다.,"구체물의 배열을 보고 첫째, 둘째 등 순서수로 정확히 표현한다.",,
수학,4,[4수학01-07],실생활에서 활용되는 한 자리 수의 덧셈과 뺄셈의 의미를 안다.,실생활 상황에서 한 자리 수의 덧셈과 뺄셈의 의미를 정확히 이해한다.,,
수학,4,[4수학01-08],합이 9 이하인 더하기를 하고 덧셈식으로 나타낸다.,합이 9 이하인 더하기를 하고 덧셈식으로 정확히 나타낸다.,,
수학,4,[4수학01-09],피감수가 9 이하인 빼기를 하고 뺄셈식으로 나타낸다.,피감수가 9 이하인 빼기를 하고 뺄셈식으로 정확히 나타낸다.,,
수학,4,[4수학01-10],0이 있는 덧셈과 뺄셈을 한다.,0이 포함된 덧셈과 뺄셈을 정확하게 한다.,,
수학,4,[4수학01-11],동전의 액면가를 읽고 크기를 비교한다.,여러 동전의 액면가를 정확히 읽고 크기를 비교한다.,,
수학,4,[4수학01-12],몇백 원짜리 상품과 교환할 수 있는 동전을 찾는다.,몇백 원짜리 상품과 교환할 수 있는 동전을 정확히 찾아 짝짓는다.,,
수학,4,[4수학02-01],교실 및 생활 주변에서 볼 수 있는 사물에서 여러 가지 입체 모양을 찾는다.,교실과 생활 주변에서 다양한 입체 모양을 찾고 특징을 표현한다.,,
수학,4,[4수학02-02],"상자 모양, 공 모양, 둥근 기둥 모양 등의 여러 가지 입체 모양을 탐색한다.","상자 모양, 공 모양, 둥근 기둥 모양 등 다양한 입체 모양의 특징을 탐색한다.",,
수학,4,[4수학02-03],"직관적인 비교를 통하여 상자 모양, 공 모양, 둥근 기둥 모양을 분류한다.","직관적 비교를 통해 상자, 공, 둥근 기둥 모양을 정확히 분류한다.",,
수학,4,[4수학02-04],여러 가지 입체 모양을 활용하여 모양을 만들거나 꾸민다.,여러 입체 모양을 활용하여 다양한 모양을 만들거나 꾸며 표현한다.,,
수학,4,[4수학02-05],주변의 물건을 찾거나 옮기면서 위치의 변화를 경험한다.,주변의 물건을 옮기며 위치의 변화를 인식하고 표현한다.,,
수학,4,[4수학02-06],주변의 물건을 찾거나 옮기면서 방향의 변화를 경험한다.,주변의 물건을 옮기며 방향의 변화를 인식하고 표현한다.,,
수학,4,[4수학03-01],"구체물 두세 개의 크기, 길이를 직접 비교하고 용어로 나타낸다.",여러 구체물의 크기와 길이를 직접 비교하여 적절한 용어로 정확히 표현한다.,,
수학,4,[4수학03-02],구체물 두세 개의 무게를 직접 비교하고 용어로 나타낸다.,여러 구체물의 무게를 직접 비교하여 적절한 용어로 정확히 표현한다.,,
수학,4,[4수학03-03],"하루의 주요 활동을 보고 아침, 점심, 저녁으로 구분한다.","하루의 주요 활동을 보고 아침, 점심, 저녁으로 정확히 구분한다.",,
수학,4,[4수학03-04],"하루의 주요 활동을 아침, 점심, 저녁의 시간 순서대로 나타낸다.","하루의 주요 활동을 아침, 점심, 저녁의 시간 순서대로 정확히 배열한다.",,
수학,4,[4수학04-01],반복되는 두 가지 물체 배열을 보고 똑같이 배열한다.,반복되는 두 가지 물체의 배열을 보고 똑같이 정확하게 배열한다.,,
수학,4,[4수학04-02],"반복되는 두 가지 물체 배열을 보고, 다음에 올 것을 추측하여 배열한다.",두 가지 물체의 배열에서 다음에 올 물체를 정확히 추측하여 배열한다.,,
수학,4,[4수학04-03],생활 주변의 두 가지 물체 배열에서 규칙을 찾는다.,생활 주변의 다양한 두 가지 물체 배열에서 규칙을 찾아 표현한다.,,
수학,4,[4수학05-01],두 개의 모음으로 분류된 자료를 보고 한 가지 기준을 찾는다.,두 모음으로 분류된 자료를 보고 분류 기준을 정확히 찾아 표현한다.,,
수학,4,[4수학05-02],자료를 한 가지 기준에 따라 두 개의 모음으로 분류한다.,다양한 자료를 한 가지 기준에 따라 두 모음으로 정확히 분류한다.,,
수학,6,[6수학01-01],", [6수학01-02], [6수학01-03] 9보다 1 큰 수가 10임을 알게 한다.",9보다 1 큰 수가 10임을 정확히 이해하고 수의 관계를 표현한다.,,
수학,6,[6수학01-02],", [6수학01-03] 9보다 1 큰 수가 10임을 알게 한다.",10의 의미를 정확히 알고 일상에서 10을 활용하여 표현한다.,,
수학,6,[6수학01-03],두 자리 수의 크기를 비교한다.,두 자리 수의 크기를 정확히 비교하여 큰 수와 작은 수를 구별한다.,,
수학,6,[6수학01-04],합이 10이 되는 더하기를 하고 덧셈식으로 나타낸다.,합이 10이 되는 더하기를 하고 덧셈식으로 정확히 나타낸다.,,
수학,6,[6수학01-05],피감수가 10인 빼기를 하고 뺄셈식으로 나타낸다.,피감수가 10인 빼기를 하고 뺄셈식으로 정확히 나타낸다.,,
수학,6,[6수학01-06],실생활에서 활용되는 몇십의 덧셈과 뺄셈의 의미를 안다.,실생활 상황에서 몇십의 덧셈과 뺄셈의 의미를 정확히 이해한다.,,
수학,6,[6수학01-07],받아올림(내림)이 없는 몇십의 덧셈과 뺄셈을 한다.,받아올림과 받아내림이 없는 몇십의 덧셈과 뺄셈을 정확히 한다.,,
수학,6,[6수학01-08],"받아올림(내림)이 없는 몇십의 덧셈, 뺄셈과 관련된 실생활 문제를 해결한다.","받아올림과 받아내림이 없는 몇십의 덧셈, 뺄셈 실생활 문제를 정확히 해결한다.",,
수학,6,[6수학01-09],"지폐(천 원, 오천 원, 만 원)의 액면가를 읽고 크기를 비교한다.","천 원, 오천 원, 만 원 지폐의 액면가를 읽고 크기를 정확히 비교한다.",,
수학,6,[6수학01-10],"지폐(천 원, 오천 원, 만 원)를 다른 액면가의 지폐로 교환한다.",다양한 액면가의 지폐를 정확히 교환하여 같은 금액을 만든다.,,
수학,6,[6수학01-11],몇천 원짜리 상품과 교환할 수 있는 지폐를 찾는다.,몇천 원짜리 상품과 교환할 수 있는 지폐를 정확히 찾아 짝짓는다.,,
수학,6,[6수학01-12],만 몇천 원짜리 상품과 교환할 수 있는 지폐를 찾는다.,만 몇천 원짜리 상품과 교환할 수 있는 지폐를 정확히 찾아 짝짓는다.,,
수학,6,[6수학02-01],교실 및 생활 주변의 사물을 관찰하여 여러 가지 평면 모양을 찾는다.,교실과 생활 주변의 사물에서 다양한 평면 모양을 정확히 찾아 표현한다.,,
수학,6,[6수학02-02],"동그라미, 네모, 세모 등의 여러 가지 평면 모양을 탐색한다.","동그라미, 네모, 세모 등 다양한 평면 모양의 특징을 정확히 탐색하고 표현한다.",,
수학,6,[6수학02-03],"직관적 비교를 통하여 동그라미, 네모, 세모 모양을 분류한다.","직관적 비교를 통해 동그라미, 네모, 세모 모양을 정확히 분류한다.",,
수학,6,[6수학02-04],"동그라미, 네모, 세모 등의 평면 모양을 다양한 방법으로 만들거나 그린다.","동그라미, 네모, 세모 등 평면 모양을 다양한 방법으로 정확히 만들거나 그린다.",,
수학,6,[6수학02-05],여러 가지 평면 모양을 활용하여 모양을 만들거나 꾸민다.,여러 평면 모양을 활용하여 다양한 모양과 작품을 창의적으로 꾸민다.,,
수학,6,[6수학02-06],"사물의 위치, 방향, 거리를 파악하여 표현한다.","사물의 위치, 방향, 거리를 정확히 파악하고 적절한 용어로 표현한다.",,
수학,6,[6수학02-07],"위치, 방향, 거리에 맞게 물건을 옮긴다.","주어진 위치, 방향, 거리에 맞게 물건을 정확하게 옮긴다.",,
수학,6,[6수학03-01],길이(cm)의 단위를 알고 측정 도구(자 등)를 사용하여 길이를 측정한다.,길이(cm)의 단위를 정확히 알고 자를 사용하여 길이를 측정한다.,,
수학,6,[6수학03-02],들이(L)의 단위를 알고 측정 도구(비커 등)를 사용하여 들이를 측정한다.,들이(L)의 단위를 정확히 알고 비커를 사용하여 들이를 측정한다.,,
수학,6,[6수학03-03],"다양한 형태의 시계를 경험하고 시각을 ‘몇 시’, ‘몇 시 30분’으로 나타낸다.","다양한 시계를 보고 시각을 '몇 시', '몇 시 30분'으로 정확히 나타낸다.",,
수학,6,[6수학03-04],"1일, 1주일을 알고 날짜를 ‘며칠’, ‘무슨 요일’로 나타낸다.",1일과 1주일의 의미를 정확히 알고 날짜와 요일을 표현한다.,,
수학,6,[6수학04-01],생활 주변의 두세 가지 물체의 배열에서 규칙을 찾는다.,생활 주변의 두세 가지 물체 배열에서 다양한 규칙을 정확히 찾아 표현한다.,,
수학,6,[6수학04-02],정해진 규칙에 따라 두세 가지 물체를 배열한다.,정해진 규칙에 따라 두세 가지 물체를 정확하게 배열한다.,,
수학,6,[6수학04-03],생활 주변의 두세 가지 무늬의 배열에서 규칙을 찾는다.,생활 주변의 두세 가지 무늬 배열에서 다양한 규칙을 정확히 찾아 표현한다.,,
수학,6,[6수학04-04],여러 가지 모양과 색 등을 활용하여 규칙적인 무늬를 꾸민다.,여러 모양과 색을 활용하여 규칙적인 무늬를 창의적으로 꾸민다.,,
수학,6,[6수학05-01],세 개 이상의 모음으로 분류된 자료를 보고 한 가지 기준을 찾는다.,세 개 이상의 모음으로 분류된 자료를 보고 분류 기준을 정확히 찾아 표현한다.,,
수학,6,[6수학05-02],자료를 한 가지 기준에 따라 세 개 이상의 모음으로 분류한다.,다양한 자료를 한 가지 기준에 따라 세 개 이상의 모음으로 정확히 분류한다.,,
수학,6,[6수학05-03],분류한 자료를 표로 나타낸다.,분류한 자료를 표로 정확히 나타내고 결과를 표현한다.,,
수학,9,[9수학01-01],"100의 개념을 알고, 몇백을 센다.",100의 개념을 정확히 알고 몇백을 정확하게 센다.,,
수학,9,[9수학01-02],"일, 십, 백의 자릿값을 알고, 세 자리 수를 읽고 쓴다.","일, 십, 백의 자릿값을 정확히 알고 세 자리 수를 읽고 쓴다.",,
수학,9,[9수학01-03],세 자리 수의 크기를 비교한다.,세 자리 수의 크기를 정확히 비교하여 큰 수와 작은 수를 구별한다.,,
수학,9,[9수학01-04],실생활에서 활용되는 몇백의 덧셈과 뺄셈의 의미를 안다.,실생활 상황에서 몇백의 덧셈과 뺄셈의 의미를 정확히 이해하고 활용한다.,,
수학,9,[9수학01-05],받아올림(내림)이 없는 몇백의 덧셈과 뺄셈을 한다.,받아올림과 받아내림이 없는 몇백의 덧셈과 뺄셈을 정확히 한다.,,
수학,9,[9수학01-06],"받아올림(내림)이 없는 몇백의 덧셈, 뺄셈과 관련된 실생활 문제를 해결한다.","몇백의 덧셈, 뺄셈 실생활 문제를 정확히 해결한다.",,
수학,9,[9수학01-07],받아올림이 있는 한 자리 수의 덧셈을 한다.,받아올림이 있는 한 자리 수의 덧셈을 정확히 한다.,,
수학,9,[9수학01-08],실생활에서 활용되는 곱셈의 의미를 안다.,실생활에서 활용되는 곱셈의 의미를 정확히 이해하고 표현한다.,,
수학,9,[9수학01-09],곱셈구구의 원리를 알고 1단부터 9단까지 나타낸다.,곱셈구구의 원리를 정확히 알고 1단부터 9단까지 표현한다.,,
수학,9,[9수학01-10],곱셈구구를 활용하여 실생활 문제를 해결한다.,곱셈구구를 활용하여 다양한 실생활 문제를 정확히 해결한다.,,
수학,9,[9수학01-11],지페(오만 원)의 액면가를 읽고 크기를 비교한다.,오만 원 지폐의 액면가를 정확히 읽고 크기를 비교한다.,,
수학,9,[9수학01-12],지페(오만 원)를 다른 액면가의 지폐로 교환한다.,오만 원 지폐를 다른 액면가의 지폐로 정확하게 교환한다.,,
수학,9,[9수학01-13],몇만 몇천 원짜리 상품과 교환할 수 있는 지폐를 찾는다.,몇만 몇천 원짜리 상품과 교환할 수 있는 지폐를 정확히 찾아 짝짓는다.,,
수학,9,[9수학01-14],대용 화폐를 활용하여 상품을 교환한다.,대용 화폐를 다양하게 활용하여 상품을 정확히 교환한다.,,
수학,9,[9수학02-01],"사각형, 삼각형, 원을 탐색한다.","사각형, 삼각형, 원의 다양한 특성을 정확히 탐색한다.",,
수학,9,[9수학02-02],"직관적 비교를 통하여 사각형, 삼각형, 원을 분류한다.","직관적 비교를 통해 사각형, 삼각형, 원을 정확히 분류한다.",,
수학,9,[9수학02-03],"사각형, 삼각형, 원의 특성을 이해한다.","사각형, 삼각형, 원의 다양한 특성을 정확히 이해하고 표현한다.",,
수학,9,[9수학02-04],"다양한 방법으로 사각형, 삼각형, 원을 만들거나 그린다.","다양한 방법으로 사각형, 삼각형, 원을 정확히 만들거나 그린다.",,
수학,9,[9수학02-05],여러 가지 도형을 활용하여 모양을 만들거나 꾸민다.,여러 도형을 활용하여 다양한 모양을 창의적으로 만들거나 꾸민다.,,
수학,9,[9수학02-06],쌓기나무를 이용하여 자유롭게 늘어놓거나 쌓는다.,쌓기나무를 이용하여 다양하게 늘어놓거나 자유롭게 쌓는다.,,
수학,9,[9수학02-07],입체 모양을 보고 똑같이 쌓기나무로 쌓는다.,주어진 입체 모양을 보고 쌓기나무로 똑같이 정확히 쌓는다.,,
수학,9,[9수학02-08],쌓기나무로 만든 입체 모양에 사용된 쌓기나무의 개수를 센다.,쌓기나무로 만든 입체 모양에 사용된 쌓기나무의 개수를 정확히 센다.,,
수학,9,[9수학03-01],길이(m)의 단위를 알고 측정 도구(줄자 등)를 사용하여 길이를 측정한다.,길이(m)의 단위를 정확히 알고 줄자 등을 사용하여 길이를 측정한다.,,
수학,9,[9수학03-02],무게(kg)의 단위를 알고 측정 도구(저울 등)를 사용하여 무게를 측정한다.,무게(kg)의 단위를 정확히 알고 저울을 사용하여 무게를 측정한다.,,
수학,9,[9수학03-03],"1시간은 60분임을 알고 시간을 ‘몇 분’, ‘몇 시간’으로 나타낸다.","1시간이 60분임을 정확히 알고 시간을 '몇 분', '몇 시간'으로 나타낸다.",,
수학,9,[9수학03-04],"다양한 형태의 달력을 경험하고 날짜를 ‘몇 월’, ‘몇 월 며칠’로 나타낸다.","다양한 달력을 보고 날짜를 '몇 월', '몇 월 며칠'로 정확히 나타낸다.",,
수학,09,[09수학04-01],대응 관계의 의미를 알고 생활 주변에서 대응 관계가 있는 것을 찾는다.,대응 관계의 의미를 정확히 알고 생활 주변에서 대응 관계를 찾아 표현한다.,,
수학,09,[09수학04-02],"두 양 사이의 대응 관계를 대응표에 나타내고, 규칙을 찾는다.",두 양 사이의 대응 관계를 대응표에 정확히 나타내고 규칙을 찾아 표현한다.,,
수학,09,[09수학04-03],한 양이 변할 때 다른 양이 그에 종속하여 변화하는 대응 관계를 추측하고 확인한다.,한 양이 변할 때 다른 양이 종속하여 변화하는 대응 관계를 정확히 추측하고 확인한다.,,
수학,9,[9수학05-01],두 가지 기준에 따라 자료를 순차적으로 분류한다.,두 가지 기준에 따라 다양한 자료를 순차적으로 정확히 분류한다.,,
수학,9,[9수학05-02],자료를 간단한 그래프로 나타낸다.,다양한 자료를 간단한 그래프로 정확히 나타낸다.,,
수학,9,[9수학05-03],간단한 그래프를 보고 필요한 내용을 찾는다.,간단한 그래프를 보고 필요한 내용을 정확히 찾아 표현한다.,,
수학,9,[9수학05-04],놀이로 가능성을 경험한다.,다양한 놀이로 가능성의 의미를 정확히 경험하고 표현한다.,,
수학,12,[12수학01-01],"1000의 개념을 알고, 몇천을 센다.",1000의 개념을 정확히 알고 몇천을 정확하게 센다.,,
수학,12,[12수학01-02],", [12수학01-03], [12수학01-04] 백 모형 10묶음이 모여 천 모형 하나가 됨을 살펴보고 1000의 개념을 도입한다.",백 모형 10묶음이 천 모형 하나가 됨을 정확히 이해하여 1000의 개념을 표현한다.,,
수학,12,[12수학01-03],"네 자리 수의 계열을 이해하고, 수의 크기를 비교한다.",네 자리 수의 계열을 정확히 이해하고 수의 크기를 비교한다.,,
수학,12,[12수학01-04],생활 속의 다양한 명명수를 읽는다.,생활 속의 다양한 명명수를 정확히 읽고 표현한다.,,
수학,12,[12수학01-05],생활 속에서 접하는 여러 가지 수를 찾아 읽는다.,생활 속에서 접하는 여러 가지 수를 정확히 찾아 풍부하게 읽는다.,,
수학,12,[12수학01-06],생활 속에서 접하는 여러 가지 수의 의미를 알고 활용한다.,생활 속에서 접하는 여러 가지 수의 의미를 정확히 알고 적극 활용한다.,,
수학,12,[12수학01-07],실생활에서 활용되는 몇천의 덧셈과 뺄셈의 의미를 안다.,실생활 상황에서 몇천의 덧셈과 뺄셈의 의미를 정확히 이해한다.,,
수학,12,[12수학01-08],받아올림(내림)이 없는 몇천의 덧셈과 뺄셈을 한다.,받아올림과 받아내림이 없는 몇천의 덧셈과 뺄셈을 정확하게 한다.,,
수학,12,[12수학01-09],"받아올림(내림)이 없는 몇천의 덧셈, 뺄셈과 관련된 실생활 문제를 해결한다.","몇천의 덧셈, 뺄셈 실생활 문제를 정확히 해결한다.",,
수학,12,[12수학01-10],받아내림이 있는 (십몇)-(몇)을 한다.,받아내림이 있는 (십몇)-(몇)의 계산을 정확히 한다.,,
수학,12,[12수학01-11],", [12수학01-12], [12수학01-13] 생활 속의 다양한 상황에서 나눗셈이 사용되는 장면을 살펴보고 나눗셈의 의미와 필요성에 대해 인식하게 한다.",나눗셈의 의미와 필요성을 정확히 인식하고 활용한다.,,
수학,12,[12수학01-12],나머지가 없는 나눗셈의 몫을 구한다.,나머지가 없는 다양한 나눗셈의 몫을 정확히 구한다.,,
수학,12,[12수학01-13],나눗셈과 관련된 실생활 문제를 해결한다.,나눗셈과 관련된 다양한 실생활 문제를 정확히 해결한다.,,
수학,12,[12수학01-14],실생활의 다양한 상황에서 필요한 화폐를 활용한다.,실생활의 다양한 상황에서 필요한 화폐를 정확히 활용한다.,,
수학,12,[12수학01-15],화폐를 관리하여 저축 및 소비생활을 한다.,화폐를 적절히 관리하여 저축과 소비생활을 적극 실천한다.,,
수학,12,[12수학02-01],주어진 도형으로 무늬를 꾸미거나 모양을 채운다.,주어진 다양한 도형으로 무늬를 꾸미거나 모양을 정확히 채운다.,,
수학,12,[12수학02-02],여러 가지 도형을 활용하여 만들거나 꾸며 실생활에 활용한다.,여러 도형을 활용하여 만들거나 꾸며 실생활에 적극 활용한다.,,
수학,12,[12수학02-03],크기와 모양이 같은 물건을 늘어놓거나 쌓아 공간을 정리한다.,크기와 모양이 같은 물건을 늘어놓거나 쌓아 공간을 정확히 정리한다.,,
수학,12,[12수학02-04],크기와 모양이 다른 물건을 늘어놓거나 쌓아 공간을 정리한다.,크기와 모양이 다른 물건을 늘어놓거나 쌓아 공간을 정확히 정리한다.,,
수학,12,[12수학02-05],공간을 활용하는 목적에 맞게 정리한다.,공간 활용 목적에 맞게 다양한 방법으로 정확히 정리한다.,,
수학,12,[12수학03-01],길이의 단위를 활용하여 여러 가지 측정 활동에 참여한다.,다양한 길이의 단위를 활용하여 여러 측정 활동에 적극 참여한다.,,
수학,12,[12수학03-02],"들이를 나타내는 표준 단위 ‘L’와 ‘mL’가 사용되는 다양한 물건과 환경 상황을 탐색하여 표준 단위 ‘mL’를 알게 하고 비커, 실린더, 계량형 측정 도구의 사용 방법 을 익히고 측정하게 한다.",들이의 표준 단위 'L'와 'mL'를 정확히 알고 비커 등을 사용하여 측정한다.,,
수학,12,[12수학03-03],1kg보다 가벼운 무게를 나타내는 표준 단위 ‘g’이 사용되는 다양한 물건 과 상황을 탐색하여 표준 단위 ‘g’을 알게 하고 여러 가지 계량형 저울의 사용 방법을 익히 고 측정하게 한다.,1kg보다 가벼운 무게의 표준 단위 'g'를 정확히 알고 저울로 측정한다.,,
수학,12,[12수학03-04],생활 속 활동에 필요한 양을 어림한다.,생활 속 활동에 필요한 양을 정확히 어림하여 표현한다.,,
수학,12,[12수학03-05],"여러 가지 생활 내용을 일일, 주간 계획표에 나타낸다.","여러 가지 생활 내용을 일일, 주간 계획표에 정확히 나타낸다.",,
수학,12,[12수학03-06],여러 가지 생활 계획표를 보고 필요한 일정을 나타낸다.,여러 생활 계획표를 보고 필요한 일정을 정확히 나타낸다.,,
수학,12,[12수학04-01],"생활 주변의 물체, 무늬, 수 등의 배열에서 규칙을 찾고, 찾은 규칙을 표현한다.","생활 주변의 물체, 무늬, 수 배열에서 다양한 규칙을 정확히 찾아 풍부하게 표현한다.",,
수학,12,[12수학04-02],"규칙적인 물체, 무늬, 수 등을 활용하여 생활 속 문제를 해결한다.","규칙적인 물체, 무늬, 수를 활용하여 다양한 생활 속 문제를 정확히 해결한다.",,
수학,12,[12수학04-03],대응하는 규칙을 활용하여 생활 속 문제를 해결한다.,대응하는 규칙을 활용하여 다양한 생활 속 문제를 정확히 해결한다.,,
수학,12,[12수학05-01],여러 가지 기준에 따라 자료를 분류한다.,여러 가지 기준에 따라 다양한 자료를 정확히 분류한다.,,
수학,12,[12수학05-02],생활 속 분류된 자료를 보고 필요한 물건을 찾는다.,생활 속 분류된 자료를 보고 필요한 물건을 정확히 찾는다.,,
수학,12,[12수학05-03],여러 가지 그래프를 경험한다.,여러 가지 그래프를 적극적으로 경험하고 표현한다.,,
수학,12,[12수학05-04],생활 속 그래프를 보고 필요한 정보를 찾는다.,생활 속 그래프를 보고 필요한 정보를 정확히 찾는다.,,
수학,12,[12수학05-05],생활 속에서 여러 가지 가능성을 경험한다.,생활 속에서 다양한 가능성을 적극 경험하고 표현한다.,,
과학,4,[4과학01-01],"자석과 여러 가지 물체를 가까이했을 때 나타나는 현상을 관찰하고, 자석에 붙는 물체와 붙지 않는 물체를 분류한다.",자석과 여러 물체를 가까이 한 현상을 관찰하고 자석에 붙는 물체와 붙지 않는 물체를 정확히 분류한다.,,
과학,4,[4과학01-02],"자석과 자석을 가까이했을 때 나타나는 현상을 관찰하고, 자석의 성질에 흥미를 갖는다.",자석끼리 가까이 한 현상을 관찰하여 자석의 성질을 이해하고 흥미를 표현한다.,,
과학,4,[4과학01-03],"물체의 차가운 정도와 따뜻한 정도를 다양하게 표현하고, 차갑거나 뜨거운 물체를 다룰 때 주의할 점을 실천한다.",물체의 차갑고 따뜻한 정도를 다양하게 표현하고 안전 수칙을 스스로 실천한다.,,
과학,4,[4과학01-04],"소리가 나는 물체는 떨림이 있음을 알고, 생활 주변의 소리를 듣고 큰 소리와 작은 소리, 높은 소리와 낮은 소리로 구분한다.","소리의 떨림을 알고 큰소리/작은소리, 높은소리/낮은소리를 정확히 구분한다.",,
과학,4,[4과학01-05],물체를 밀거나 당겼을 때 나타나는 현상을 관찰하여 힘을 이해한다.,물체를 밀거나 당겼을 때 나타나는 현상을 관찰하여 힘의 작용을 이해한다.,,
과학,4,[4과학01-06],힘을 받은 물체의 위치 변화를 관찰하여 운동을 이해한다.,힘을 받은 물체의 위치 변화를 관찰하여 운동의 의미를 이해한다.,,
과학,4,[4과학02-01],여러 가지 물질로 이루어진 물체를 감각기관을 통해 관찰한다.,다양한 물질로 이루어진 물체를 여러 감각기관을 활용하여 정확히 관찰한다.,,
과학,4,[4과학02-02],생활 주변의 물체를 형태나 종류 등에 따라 분류한다.,생활 주변의 다양한 물체를 형태나 종류에 따라 정확히 분류한다.,,
과학,4,[4과학02-03],생활 주변의 물체를 장소와 용도에 따라 분류한다.,생활 주변의 다양한 물체를 장소와 용도에 따라 정확히 분류한다.,,
과학,4,[4과학02-04],생활 주변의 물체를 질감의 특성에 따라 분류한다.,"생활 주변의 물체를 질감(부드러움, 거침 등)에 따라 정확히 분류한다.",,
과학,4,[4과학03-01],우리 몸 각 부위의 생김새와 움직임을 관찰한다.,우리 몸 각 부위의 생김새와 움직임을 정확히 관찰하고 표현한다.,,
과학,4,[4과학03-02],여러 가지 동물을 관찰하고 특징을 표현한다.,여러 동물을 관찰하고 동물의 다양한 특징을 정확히 표현한다.,,
과학,4,[4과학03-03],여러 가지 식물을 관찰하고 특징을 표현한다.,여러 식물을 관찰하고 식물의 다양한 특징을 정확히 표현한다.,,
과학,4,[4과학03-04],생물의 특징을 관찰하고 생물을 소중하게 여기는 태도를 기른다.,다양한 생물의 특징을 관찰하고 생명을 소중히 여기는 태도를 실천한다.,,
과학,4,[4과학04-01],"생활 주변 자연환경의 다양한 모습을 관찰하고, 지구의 자연환경에 흥미를 갖는다.",생활 주변 자연환경의 다양한 모습을 관찰하고 흥미를 가지고 표현한다.,,
과학,4,[4과학04-02],"지구 모양이 둥글다는 것을 알고, 지구 표면을 구성하는 육지와 바다를 구분한다.",지구가 둥글다는 것을 알고 지구 표면의 육지와 바다를 정확히 구분한다.,,
과학,4,[4과학04-03],"날씨와 이에 따른 생활 모습을 관찰하고, 날씨가 우리 생활에 중요함을 인식한다.",다양한 날씨와 그에 따른 생활 모습을 관찰하고 날씨의 중요성을 표현한다.,,
과학,4,[4과학04-04],"태양, 달, 별을 관찰하여 낮과 밤하늘의 특징을 구분하고, 하늘 관찰에 흥미를 갖는다.","태양, 달, 별을 관찰하여 낮과 밤하늘의 특징을 정확히 구분하고 흥미를 표현한다.",,
과학,6,[6과학01-01],"전기가 통하는 물질과 통하지 않는 물질을 분류하고, 그 특성을 이해한다.",전기가 통하는 물질과 통하지 않는 물질을 정확히 분류하고 그 특성을 표현한다.,,
과학,6,[6과학01-02],"물체의 차가운 정도와 따뜻한 정도를 온도로 표현함을 알고, 온도계를 이용하여 물체의 온도를 정확하게 측정한다.",물체의 차갑고 따뜻한 정도를 온도로 표현하고 온도계로 정확히 측정한다.,,
과학,6,[6과학01-03],물체를 보기 위해서 빛이 있어야 함을 알고 빛이 직진하는 성질을 관찰하여 흥미를 갖는다.,빛이 있어야 물체를 볼 수 있음을 알고 빛의 직진 성질을 관찰하여 흥미를 표현한다.,,
과학,6,[6과학01-04],"거울에 비친 모습과 실제 모습을 비교하고, 생활 속 여러 가지 거울의 특징을 관찰한다.",거울 속 모습과 실제 모습을 비교하고 다양한 거울의 특징을 정확히 관찰한다.,,
과학,6,[6과학01-05],"여러 가지 물체의 운동을 관찰하여 속력을 비교하고, 속력과 관련된 안전 수칙을 알고 교통안전을 실천한다.",여러 물체의 운동을 관찰하여 속력을 비교하고 교통 안전 수칙을 실천한다.,,
과학,6,[6과학02-01],생활 주변의 물체를 물질의 종류에 따라 분류한다.,생활 주변의 다양한 물체를 물질의 종류에 따라 정확히 분류한다.,,
과학,6,[6과학02-02],"생활 주변의 물질을 고체, 액체, 기체로 분류한다.","생활 주변의 다양한 물질을 고체, 액체, 기체로 정확히 분류한다.",,
과학,6,[6과학02-03],생활 주변의 고체 물질을 녹여 여러 가지 용액을 만든다.,생활 주변의 고체 물질을 녹여 다양한 용액을 만들고 변화를 관찰한다.,,
과학,6,[6과학02-04],물에 녹는 물질과 녹지 않는 물질을 분류한다.,물에 녹는 물질과 녹지 않는 물질을 정확히 분류하고 결과를 표현한다.,,
과학,6,[6과학03-01],새끼를 낳는 동물과 알을 낳는 동물의 한살이를 다양하게 표현한다.,새끼를 낳는 동물과 알을 낳는 동물의 한살이를 다양한 방법으로 정확히 표현한다.,,
과학,6,[6과학03-02],식물의 한살이를 다양하게 표현한다.,다양한 식물의 한살이를 여러 방법으로 정확히 표현한다.,,
과학,6,[6과학03-03],여러 가지 동물의 생활 모습을 분류하고 동물을 소중히 여기는 방법을 실천한다.,여러 동물의 생활 모습을 정확히 분류하고 동물을 소중히 여기는 행동을 실천한다.,,
과학,6,[6과학03-04],"여러 가지 식물을 뿌리, 줄기, 잎, 꽃과 열매의 특징에 따라 분류하고 식물을 소중히 여기는 방법을 실천한다.","식물을 뿌리, 줄기, 잎, 꽃, 열매의 특징에 따라 정확히 분류하고 식물을 소중히 여긴다.",,
과학,6,[6과학04-01],"여러 가지 흙의 종류를 관찰하고, 흙의 형성과정을 모형 실험을 통해 이해한다.",다양한 흙의 종류를 관찰하고 모형 실험을 통해 흙의 형성 과정을 정확히 이해한다.,,
과학,6,[6과학04-02],"지표가 물과 바람에 의해 변화함을 알고, 지표가 변화하는 여러 모습을 관찰한다.",지표가 물과 바람에 의해 변화함을 알고 다양한 변화 모습을 정확히 관찰한다.,,
과학,6,[6과학04-03],"날씨에 영향을 미치는 여러 가지 기상요소를 관찰하고, 우리 생활에 미치는 영향을 안다.",날씨에 영향을 미치는 다양한 기상요소를 관찰하고 생활에 미치는 영향을 표현한다.,,
과학,6,[6과학04-04],"기온, 강수량, 습도, 바람의 측정을 통해 기상요소의 변화를 이해한다.","기온, 강수량, 습도, 바람의 측정을 통해 기상요소의 변화를 정확히 이해한다.",,
과학,6,[6과학04-05],"일기 예보를 통해 날씨를 예상하고, 생활 속에서 대응 방법을 조사한다.",일기 예보로 날씨를 예상하고 생활 속 대응 방법을 정확히 조사하여 표현한다.,,
과학,6,[6과학04-06],"인간 활동이 지구 환경에 미치는 영향을 알고, 환경보호를 위해 우리가 할 수 있는 일을 조사하여 실천한다.",인간 활동이 지구 환경에 미치는 영향을 알고 환경보호 행동을 조사하여 실천한다.,,
과학,9,[9과학01-01],"전기로 작동되는 여러 가지 전기기구를 관찰하여 에너지 변환을 이해하고, 전기기구의 편리함을 안다.",전기로 작동되는 다양한 전기기구를 관찰하여 에너지 변환을 정확히 이해하고 편리함을 표현한다.,,
과학,9,[9과학01-02],"고체, 액체, 기체에서의 열의 이동을 알고, 열의 이동이 나타나는 일상생활 사례를 관찰한다.","고체, 액체, 기체에서의 열의 이동을 정확히 알고 일상의 사례를 풍부하게 관찰한다.",,
과학,9,[9과학01-03],실험을 통하여 소리의 발생과 전달 그리고 반사 현상을 관찰한다.,"실험을 통해 소리의 발생, 전달, 반사 현상을 정확히 관찰하고 표현한다.",,
과학,9,[9과학01-04],"수평 잡기 활동을 통해 물체의 무게를 비교하고, 여러 가지 무게 측정 방법에 흥미를 갖는다.",수평 잡기로 물체의 무게를 비교하고 다양한 무게 측정 방법에 흥미를 표현한다.,,
과학,9,[9과학01-05],"무게를 정확히 측정하려면 저울이 필요함을 알고, 저울을 사용해 무게를 측정하고 비교한다.",저울이 필요함을 정확히 알고 저울을 사용해 무게를 측정하고 정확히 비교한다.,,
과학,9,[9과학02-01],물질의 성질을 이용하여 여러 가지 혼합물을 분리한다.,다양한 물질의 성질을 이용하여 여러 혼합물을 정확히 분리한다.,,
과학,9,[9과학02-02],일상생활에서 이용하는 액체의 성질을 조사한다.,일상생활에서 이용하는 다양한 액체의 성질을 정확히 조사하여 표현한다.,,
과학,9,[9과학02-03],용질의 종류와 물의 온도에 따라 물에 녹는 용질의 양이 달라짐을 비교한다.,용질의 종류와 물의 온도에 따른 용해 양의 차이를 정확히 비교하여 표현한다.,,
과학,9,[9과학02-04],우리 주변에서 물의 세 가지 상태와 상태 변화의 예를 찾는다.,주변에서 물의 세 가지 상태와 상태 변화의 다양한 예를 정확히 찾아 표현한다.,,
과학,9,[9과학03-01],감각기관의 구조와 기능을 관찰한다.,감각기관의 다양한 구조와 기능을 정확히 관찰하고 표현한다.,,
과학,9,[9과학03-02],우리 몸을 구성하는 뼈와 근육의 생김새와 기능을 관찰한다.,우리 몸의 뼈와 근육의 생김새와 기능을 정확히 관찰하여 표현한다.,,
과학,9,[9과학03-03],"다양한 환경에 서식하는 동물을 관찰하고, 동물의 생김새와 생활 방식이 환경과 관련되어 있음을 인식한다.","다양한 환경의 동물을 관찰하여 생김새, 생활방식이 환경과 연관됨을 정확히 인식한다.",,
과학,9,[9과학03-04],"다양한 환경에 서식하는 식물을 관찰하고, 식물의 생김새와 생활 방식이 환경과 관련되어 있음을 인식한다.","다양한 환경의 식물을 관찰하여 생김새, 생활방식이 환경과 연관됨을 정확히 인식한다.",,
과학,9,[9과학03-05],"식물의 생장에 환경이 중요함을 알고, 실험을 통해 식물의 생장 조건을 찾는다.",식물 생장에 환경이 중요함을 정확히 알고 실험으로 생장 조건을 찾는다.,,
과학,9,[9과학03-06],생태계를 생물 요소와 비생물 요소로 분류한다.,생태계를 생물 요소와 비생물 요소로 정확히 분류하고 표현한다.,,
과학,9,[9과학04-01],"육지의 물과 비교하여 바닷물의 특징을 알고, 밀물과 썰물에 따른 바닷가의 모습을 관찰한다.",바닷물의 특징과 밀물·썰물에 따른 바닷가의 모습을 정확히 관찰하여 표현한다.,,
과학,9,[9과학04-02],바닷물의 작용으로 만들어진 바닷가 주변 지형을 관찰한다.,바닷물의 작용으로 만들어진 바닷가 주변 지형을 정확히 관찰하여 표현한다.,,
과학,9,[9과학04-03],"계절별로 달라지는 날씨의 특징을 알고, 날씨에 따른 생활 모습을 비교한다.",계절별 날씨의 다양한 특징을 정확히 알고 날씨에 따른 생활 모습을 비교한다.,,
과학,9,[9과학04-04],"기후변화 현상의 예를 알고, 생활 속에서 대응 방법을 조사한다.",기후변화 현상의 다양한 예를 정확히 알고 생활 속 대응 방법을 조사하여 표현한다.,,
과학,9,[9과학04-05],"자연재해의 피해 사례를 조사하고, 자연재해에 대한 생활 속 대응 방법을 실천한다.",자연재해의 다양한 피해 사례를 조사하고 생활 속 대응 방법을 적극 실천한다.,,
과학,12,[12과학01-01],전기기구를 안전하게 사용하는 방법과 전기를 절약하는 방법을 조사하고 실천한다.,전기기구를 안전하게 사용하는 다양한 방법과 절약 방법을 정확히 조사하고 적극 실천한다.,,
과학,12,[12과학01-02],"열의 이동을 막는 단열의 원리를 알고, 단열을 이용하는 일상생활 사례를 관찰한다.",열의 이동을 막는 단열의 원리를 정확히 알고 단열의 일상 사례를 풍부하게 관찰한다.,,
과학,12,[12과학01-03],"볼록렌즈와 오목렌즈로 물체를 관찰하고, 생활에서 렌즈가 이용되는 예를 조사한다.",볼록렌즈와 오목렌즈로 물체를 정확히 관찰하고 생활 속 렌즈 활용 사례를 풍부하게 조사한다.,,
과학,12,[12과학01-04],물체에 중력과 마찰력이 작용하여 나타나는 현상을 관찰하고 그 특성을 이해한다.,물체에 작용하는 중력과 마찰력 현상을 정확히 관찰하고 그 특성을 풍부하게 이해한다.,,
과학,12,[12과학02-01],"여러 가지 기체의 성질을 관찰하고, 일상생활에서 기체가 활용되는 경우를 조사한다.",여러 기체의 성질을 정확히 관찰하고 기체 활용 사례를 풍부하게 조사한다.,,
과학,12,[12과학02-02],여러 가지 용액의 상대적인 진하기를 비교한다.,여러 가지 용액의 상대적 진하기를 정확히 비교하여 표현한다.,,
과학,12,[12과학02-03],"물이 얼 때, 얼음이 녹을 때의 변화에 따른 무게와 부피를 비교한다.",물이 얼고 얼음이 녹을 때의 무게와 부피를 정확히 비교하여 표현한다.,,
과학,12,[12과학02-04],물질이 연소하기 전과 후의 상태를 비교한다.,물질이 연소하기 전과 후의 상태를 정확히 비교하여 표현한다.,,
과학,12,[12과학02-05],"연소와 소화 조건을 알고, 소화 방법에 따른 화재 안전을 실천한다.",연소와 소화 조건을 정확히 알고 소화 방법에 따른 화재 안전을 적극 실천한다.,,
과학,12,[12과학03-01],소화·배설 기관의 구조와 기능을 관찰한다.,소화·배설 기관의 구조와 기능을 정확히 관찰하여 표현한다.,,
과학,12,[12과학03-02],순환·호흡 기관의 구조와 기능을 관찰한다.,순환·호흡 기관의 구조와 기능을 정확히 관찰하여 표현한다.,,
과학,12,[12과학03-03],인간의 탄생과 성장 과정에서 나타나는 신체 변화를 구분한다.,인간의 탄생과 성장 과정의 다양한 신체 변화를 정확히 구분하여 표현한다.,,
과학,12,[12과학03-04],인간의 유전 현상을 관찰하고 가계도를 이용하여 표현한다.,인간의 다양한 유전 현상을 정확히 관찰하고 가계도로 표현한다.,,
과학,12,[12과학03-05],식물 각 기관의 구조와 기능을 관찰한다.,식물 각 기관의 구조와 기능을 정확히 관찰하여 표현한다.,,
과학,12,[12과학03-06],우리 생활에서 동물과 식물의 특징을 활용한 사례를 조사한다.,우리 생활에서 동식물의 특징을 활용한 다양한 사례를 정확히 조사하여 표현한다.,,
과학,12,[12과학03-07],"생태계 구성요소가 서로 영향을 미침을 알고, 생태계 보전을 위해 우리가 할 수 있는 일을 조사하여 실천한다.",생태계 구성요소가 서로 영향을 미침을 정확히 알고 생태계 보전 행동을 적극 실천한다.,,
과학,12,[12과학04-01],지층의 여러 가지 모양을 관찰한다.,지층의 여러 가지 다양한 모양을 정확히 관찰하여 표현한다.,,
과학,12,[12과학04-02],"모형을 통하여 화석 생성과정을 관찰하고, 지구의 과거 생물과 환경을 추리한다.",모형으로 화석 생성 과정을 정확히 관찰하고 지구의 과거 생물과 환경을 추리한다.,,
과학,12,[12과학04-03],화산 활동과 지진으로 인한 지각의 변화를 관찰한다.,화산 활동과 지진으로 인한 지각의 변화를 정확히 관찰하여 표현한다.,,
과학,12,[12과학04-04],"화산 활동과 지진이 우리 생활에 미치는 영향을 알고, 대처 방법을 조사하여 실천한다.",화산 활동과 지진의 영향을 정확히 알고 대처 방법을 조사하여 적극 실천한다.,,
과학,12,[12과학04-05],"달의 특징과 별자리의 여러 모양을 알고, 밤하늘 관찰에 호기심과 즐거움을 느낀다.",달의 특징과 별자리의 다양한 모양을 정확히 알고 밤하늘 관찰에 호기심을 적극 표현한다.,,
실과,6,[6실과01-01],"건강을 위한 식생활의 중요성을 알고, 올바른 식습관을 실천한다.",건강을 위한 식생활의 중요성을 정확히 알고 올바른 식습관을 일상에서 실천한다.,,
실과,6,[6실과01-02],조리 도구를 바르게 사용하여 간단한 음식을 만든다.,다양한 조리 도구를 바르게 사용하여 간단한 음식을 정확하게 만든다.,,
실과,6,[6실과01-03],"계절, 상황 등에 알맞은 옷차림을 알고, 단정한 의생활을 실천한다.",계절과 상황에 알맞은 옷차림을 알고 단정한 의생활을 스스로 실천한다.,,
실과,6,[6실과01-04],"세탁 과정을 알고, 간단한 의복을 세탁한다.",세탁 과정을 정확히 알고 간단한 의복을 스스로 세탁한다.,,
실과,6,[6실과01-05],"쾌적한 생활환경의 필요성을 알고, 생활공간을 정리 정돈하며 청소한다.",쾌적한 생활환경의 필요성을 알고 생활공간을 정리정돈하고 청소를 실천한다.,,
실과,6,[6실과01-06],바른 쓰레기 분리배출의 실천은 건강하고 쾌적한 생활 유지 및 환경 보호를 위한 중요한 활동이다.,바른 쓰레기 분리배출의 중요성을 알고 일상생활에서 정확히 실천한다.,,
실과,6,[6실과01-07],이웃과 더불어 살아가기 위해 지켜야 하는 규칙과 예절을 실천한다.,이웃과 더불어 살아가기 위한 다양한 규칙과 예절을 일상에서 실천한다.,,
실과,6,[6실과01-08],개인의 자율과 선택에 의해 이루어지는 여가활동은 행복한 삶을 살아가기 위 한 기본 요소이다.,여가활동의 중요성을 알고 자신의 자율적 선택으로 여가활동을 즐긴다.,,
실과,6,[6실과02-01],일상생활에서 필요한 다양한 공구의 종류와 쓰임을 알고 바르게 사용하는 것 은 작업 활동의 기본이 된다.,다양한 공구의 종류와 쓰임을 정확히 알고 작업 활동에서 바르게 사용한다.,,
실과,6,[6실과02-02],생활용품을 만드는 활동을 통해 작업의 즐거움과 가치를 경험한다.,다양한 생활용품을 만드는 활동을 통해 작업의 즐거움과 가치를 적극 경험한다.,,
실과,6,[6실과02-03],정보통신 기기의 사용 방법 및 다양한 기능을 익히는 것은 편리한 일상생활 을 영위하기 위해 필요한 능력이며 디지털 문해력의 기초가 된다.,정보통신 기기의 사용 방법과 다양한 기능을 정확히 익히고 일상에서 활용한다.,,
실과,6,[6실과02-04],"올바른 정보통신 기기 사용 습관을 기르고, 정보통신 예절을 실천한다.",올바른 정보통신 기기 사용 습관을 기르고 정보통신 예절을 일상에서 실천한다.,,
실과,6,[6실과02-05],언플러그드 놀이 활동을 통해 일상생활 속 문제를 절차적 사고로 해결하는 태도를 갖는다.,언플러그드 놀이 활동을 통해 일상의 문제를 절차적 사고로 해결하는 태도를 실천한다.,,
실과,6,[6실과03-01],"생활 속 동물을 돌보는 방법을 익히고, 생명을 존중하는 태도를 기른다.",생활 속 동물을 돌보는 다양한 방법을 정확히 익히고 생명을 존중하는 태도를 실천한다.,,
실과,6,[6실과03-02],생활 속 식물 가꾸기를 통해 자연 친화적 태도를 기른다.,생활 속 식물 가꾸기 활동을 통해 자연 친화적 태도를 적극 실천한다.,,
실과,6,[6실과03-03],"가정에서 일어나는 위험 상황을 인식하고, 대처하는 방법을 익혀 안전한 생활 태도를 갖는다.",가정의 다양한 위험 상황을 정확히 인식하고 대처 방법을 익혀 안전한 생활을 실천한다.,,
실과,6,[6실과03-04],학교에서 발생할 수 있는 안전사고의 대처 방법을 알고 실천한다.,학교에서 발생할 수 있는 다양한 안전사고의 대처 방법을 정확히 알고 실천한다.,,
실과,6,[6실과03-05],지역사회에서 안전의 중요성을 인식하고 안전사고를 예방하는 습관을 기른다.,지역사회에서 안전의 중요성을 인식하고 안전사고를 예방하는 습관을 실천한다.,,
실과,6,[6실과04-01],"나의 꿈, 좋아하는 것, 잘하는 것 등 자신의 특성을 탐색한다.","자신의 꿈, 좋아하는 것, 잘하는 것 등 자신의 다양한 특성을 적극 탐색하여 표현한다.",,
실과,6,[6실과04-02],자신의 흥미와 적성을 바탕으로 다양한 직업의 종류를 탐색한다.,자신의 흥미와 적성을 바탕으로 다양한 직업의 종류를 적극 탐색한다.,,
실과,6,[6실과04-03],일의 가치와 소중함을 알고 직업에 대한 긍정적인 태도를 기른다.,일의 가치와 소중함을 정확히 알고 직업에 대한 긍정적 태도를 실천한다.,,
실과,6,[6실과04-04],진학할 수 있는 중학교 유형을 살펴보고 중학교 선택 과정에 참여한다.,진학할 수 있는 중학교 유형을 정확히 살펴보고 중학교 선택 과정에 적극 참여한다.,,
실과,6,[6실과04-05],진학에 따른 교육 환경의 변화를 알아보고 진학을 준비한다.,진학에 따른 교육 환경의 변화를 정확히 알아보고 진학을 적극적으로 준비한다.,,
진로와 직업,9,[9진로01-01],자신의 기본 정보를 파악한다.,"자신의 기본 정보(이름, 연락처, 주소 등)를 정확히 파악하여 표현한다.",,
진로와 직업,9,[9진로01-02],"흥미, 적성, 장점과 단점, 성격 등 자신의 특성을 파악하여 자신을 소개한다.","자신의 흥미, 적성, 장단점, 성격 등 다양한 특성을 파악하여 자신을 풍부하게 소개한다.",,
진로와 직업,9,[9진로01-03],자기 이해를 바탕으로 한 자기 개발의 노력은 자아 존중과 주체적인 미래 설 계의 기초가 된다.,자기 이해를 바탕으로 자기 개발 노력을 자아 존중과 미래 설계의 기초로 적극 실천한다.,,
진로와 직업,9,[9진로01-04],자신의 특성과 관련 있는 진로와 직업 성향을 탐색한다.,자신의 특성과 관련된 진로와 직업 성향을 적극적으로 탐색하여 표현한다.,,
진로와 직업,9,[9진로01-05],진로의 방향과 직업의 선택은 인생의 연속선상에서 지속적으로 이루어지는 자기 이해와 선택의 과정이다.,진로 방향과 직업 선택이 인생 전반의 자기 이해와 선택의 과정임을 정확히 이해하고 표현한다.,,
진로와 직업,9,[9진로02-01],직업의 사회적?경제적 의미를 알고 일에 대한 소중한 마음을 갖는다.,직업의 사회적·경제적 의미를 정확히 알고 일에 대한 소중한 마음을 적극 표현한다.,,
진로와 직업,9,[9진로02-02],"직업의 세계에 관심을 가지고 가족, 이웃 등 주변 사람들의 직업에 대하여 탐색한다.",직업의 세계에 적극적인 관심을 갖고 가족과 이웃의 직업을 풍부하게 탐색한다.,,
진로와 직업,9,[9진로02-03],학교 및 지역사회의 직군을 탐색하여 각 직군의 정보를 수집한다.,학교와 지역사회의 다양한 직군을 탐색하여 정확히 정보를 수집하여 표현한다.,,
진로와 직업,9,[9진로02-04],직군 체험을 통해 자신의 직업적 흥미나 관심이 있는 직군을 찾는다.,직군 체험을 통해 자신의 직업적 흥미와 관심 직군을 적극적으로 찾아 표현한다.,,
진로와 직업,9,[9진로03-01],직군별 작업 과정의 순서를 익힌다.,다양한 직군별 작업 과정의 순서를 정확히 익힌다.,,
진로와 직업,9,[9진로03-02],직군에 따라 올바른 방법으로 작업에 참여한다.,다양한 직군에 따라 올바른 방법으로 작업에 적극 참여한다.,,
진로와 직업,9,[9진로03-03],직군에 적합한 도구를 사용하여 작업의 효율을 높인다.,직군에 적합한 다양한 도구를 정확히 사용하여 작업의 효율을 높인다.,,
진로와 직업,9,[9진로03-04],직군별 작업 과정에서 안전에 유의한다.,직군별 작업 과정에서 다양한 안전 수칙을 적극 실천한다.,,
진로와 직업,9,[9진로04-01],"용모, 복장, 위생, 금전 등에 대한 기본적인 자기 관리 능력을 기른다.","용모, 복장, 위생, 금전 등에 대한 다양한 자기 관리 능력을 적극 실천한다.",,
진로와 직업,9,[9진로04-02],"등하교, 수업, 점심, 쉬는 시간 등 시간에 대한 관리 능력을 기른다.","등하교, 수업, 점심, 쉬는 시간 등의 다양한 시간 관리 능력을 적극 실천한다.",,
진로와 직업,9,[9진로04-03],집에서 학교까지 통학 수단을 활용하여 이동한다.,집에서 학교까지 다양한 통학 수단을 활용하여 정확하게 이동한다.,,
진로와 직업,9,[9진로04-04],"조직에는 다양한 구성원이 있고, 그 구성원들에게 개별적인 역할과 책임, 과 제가 주어진다.",조직에 다양한 구성원이 있고 각자의 역할과 책임이 있음을 정확히 이해하고 실천한다.,,
진로와 직업,9,[9진로04-05],인사를 하고 예절을 지키며 원만한 대인 관계를 형성한다.,인사를 하고 다양한 예절을 지키며 원만한 대인 관계를 적극 형성한다.,,
진로와 직업,9,[9진로04-06],학교에서 요구되는 안전 규칙을 지킨다.,학교에서 요구되는 다양한 안전 규칙을 정확히 지킨다.,,
진로와 직업,9,[9진로05-01],"자신의 흥미·적성, 작업 기능, 전환 능력 등의 직업적 잠재력을 파악한다.","자신의 흥미·적성, 작업 기능, 전환 능력 등 직업적 잠재력을 정확히 파악한다.",,
진로와 직업,9,[9진로05-02],"특수학교, 일반고, 특성화고 등에 대한 진학 정보를 수집한다.","특수학교, 일반고, 특성화고 등의 진학 정보를 정확히 수집하여 표현한다.",,
진로와 직업,9,[9진로05-03],자신의 특성과 진학 정보를 연계하여 주요 관계자와 함께 진학 의사 결정에 참여한다.,자신의 특성과 진학 정보를 연계하여 진학 의사 결정에 적극 참여한다.,,
진로와 직업,9,[9진로05-04],진학 결정에 능동적으로 참여하고 진학 계획을 점검하는 태도를 갖춘다.,진학 결정에 능동적으로 참여하고 진학 계획을 점검하는 태도를 적극 실천한다.,,
진로와 직업,9,[9진로06-01],자신이 선택한 고등학교에 대한 위치와 환경 등의 정보를 수집한다.,선택한 고등학교의 위치와 환경 등 정보를 정확히 수집하여 표현한다.,,
진로와 직업,9,[9진로06-02],자신이 선택한 고등학교 교육과정의 변화되는 점을 알아보고 준비하는 과정에 참여한다.,선택한 고등학교 교육과정의 변화점을 정확히 알고 준비 과정에 적극 참여한다.,,
진로와 직업,9,[9진로06-03],자신이 선택한 고등학교의 현장실습 유형과 방법을 알아보는 과정에 참여한다.,선택한 고등학교의 현장실습 유형과 방법을 정확히 알아보는 과정에 적극 참여한다.,,
진로와 직업,9,[9진로06-04],진로 관련 교내 체험 및 지역사회 기관 탐방 등에 능동적인 자세로 참여한다.,진로 관련 교내 체험과 지역사회 기관 탐방에 능동적인 자세로 적극 참여한다.,,
진로와 직업,12,[12진로01-01],자신의 신체적 특성을 파악한다.,자신의 다양한 신체적 특성을 정확히 파악하여 표현한다.,,
진로와 직업,12,[12진로01-02],자신의 심리·태도적 특성 등을 파악한다.,자신의 다양한 심리·태도적 특성을 정확히 파악하여 표현한다.,,
진로와 직업,12,[12진로01-03],자신의 특성을 직업과 연결하여 강점을 찾고 꿈을 표현한다.,자신의 특성을 직업과 연결하여 강점을 찾고 꿈을 풍부하게 표현한다.,,
진로와 직업,12,[12진로01-04],자신의 강점을 발전시키는 방법을 찾아 실천하여 자기개발에 주체적인 자세를 갖춘다.,자신의 강점을 발전시키는 다양한 방법을 찾아 적극 실천하며 자기개발에 주체적 자세를 갖춘다.,,
진로와 직업,12,[12진로01-05],졸업 후 삶의 모습을 구체적으로 구상하며 미래에 대한 긍정적 태도를 기른다.,졸업 후 삶의 모습을 구체적으로 구상하며 미래에 대한 긍정적 태도를 적극 실천한다.,,
진로와 직업,12,[12진로02-01],직업을 통해 얻을 수 있는 기쁨과 보람을 찾는다.,직업을 통해 얻을 수 있는 다양한 기쁨과 보람을 정확히 찾아 풍부하게 표현한다.,,
진로와 직업,12,[12진로02-02],미래 사회에 적합한 새로운 직종의 정보를 수집하고 관심을 갖는 태도를 기른다.,미래 사회에 적합한 새로운 직종 정보를 정확히 수집하고 적극적인 관심을 표현한다.,,
진로와 직업,12,[12진로02-03],학교 및 지역사회의 직종을 탐색하여 각 직종에 대한 정보를 수집한다.,학교와 지역사회의 다양한 직종을 탐색하여 정보를 정확히 수집하고 표현한다.,,
진로와 직업,12,[12진로02-04],직종 체험을 통해 흥미나 관심이 있는 직종을 찾는다.,다양한 직종 체험을 통해 흥미와 관심 직종을 적극적으로 찾아 표현한다.,,
진로와 직업,12,[12진로03-01],직종에 따라 작업 단계와 절차를 확인한다.,다양한 직종에 따른 작업 단계와 절차를 정확히 확인하고 적용한다.,,
진로와 직업,12,[12진로03-02],직종에 따라 필요한 올바른 작업 기술을 익힌다.,다양한 직종에 따라 필요한 올바른 작업 기술을 정확히 익혀 수행한다.,,
진로와 직업,12,[12진로03-03],직종에 적합한 기기를 활용하여 작업의 능률을 높인다.,직종에 적합한 다양한 기기를 정확히 활용하여 작업 능률을 높인다.,,
진로와 직업,12,[12진로03-04],직종별 작업 수행 시 필요한 안전한 작업 습관을 기른다.,직종별 작업 수행에 필요한 다양한 안전 작업 습관을 적극 실천한다.,,
진로와 직업,12,[12진로04-01],"호칭, 역할, 책임, 급여 등에 대한 직업적인 자기 관리 능력을 기른다.","호칭, 역할, 책임, 급여 등에 대한 직업적 자기 관리 능력을 적극 실천한다.",,
진로와 직업,12,[12진로04-02],"출퇴근, 근로, 점심, 휴게시간 등 시간에 대한 관리 능력을 기른다.","출퇴근, 근로, 점심, 휴게시간 등 시간에 대한 다양한 관리 능력을 적극 실천한다.",,
진로와 직업,12,[12진로04-03],집에서 직장까지 교통 수단을 활용하여 이동한다.,집에서 직장까지 다양한 교통 수단을 활용하여 정확하게 이동한다.,,
진로와 직업,12,[12진로04-04],연속된 지시에 따라 과제를 수행한다.,연속된 다양한 지시에 따라 과제를 정확히 수행한다.,,
진로와 직업,12,[12진로04-05],상대와 상황에 따라 적절한 소통을 하고 직장 예절을 지켜 원만한 대인 관계를 유지한다.,상대와 상황에 따라 적절한 소통을 하고 직장 예절을 지켜 원만한 대인 관계를 적극 유지한다.,,
진로와 직업,12,[12진로04-06],직장에서 지켜야 할 안전 수칙을 이해하고 준수한다.,직장에서 지켜야 할 다양한 안전 수칙을 정확히 이해하고 준수한다.,,
진로와 직업,12,[12진로05-01],진로를 설계하려면 가장 먼저 자신을 객관적으로 파악해야 한다.,진로 설계를 위해 자신을 객관적으로 정확히 파악하여 표현한다.,,
진로와 직업,12,[12진로05-02],"자립생활, 직업생활, 계속교육 등 졸업 후 진로 정보를 수집한다.","자립생활, 직업생활, 계속교육 등 졸업 후 진로 정보를 정확히 수집하여 표현한다.",,
진로와 직업,12,[12진로05-03],자신의 직업 특성과 진로 정보를 연계한 진로 의사 결정에 참여한다.,자신의 직업 특성과 진로 정보를 연계한 진로 의사 결정에 적극 참여한다.,,
진로와 직업,12,[12진로05-04],지역사회에 적응하고 독립적으로 살아갈 수 있도록 자립생활 계획에 참여한다.,지역사회에서 적응하고 독립적으로 살아갈 수 있도록 자립생활 계획에 적극 참여한다.,,
진로와 직업,12,[12진로05-05],취?창업 정보를 활용한 진로 계획에 참여한다.,취·창업 정보를 적극 활용하여 진로 계획에 능동적으로 참여한다.,,
진로와 직업,12,[12진로05-06],"전공과, 대학, 평생교육 기관의 정보를 활용한 진로 계획에 참여한다.","전공과, 대학, 평생교육 기관의 정보를 적극 활용하여 진로 계획에 참여한다.",,
진로와 직업,12,[12진로05-07],고등학교를 졸업한 후의 진로 계획은 매우 구체적이고 신중하게 작성해야 한 다.,고등학교 졸업 후의 진로 계획을 매우 구체적이고 신중하게 정확히 작성한다.,,
진로와 직업,12,[12진로06-01],자신이 선택한 지역사회 전환 기관의 이용 정보를 다양한 방법으로 조사한다.,선택한 지역사회 전환 기관의 이용 정보를 다양한 방법으로 정확히 조사한다.,,
진로와 직업,12,[12진로06-02],자신이 선택한 지역사회 전환 기관의 서류를 형식에 맞게 작성하고 면접을 준비한다.,선택한 지역사회 전환 기관의 서류를 형식에 맞게 정확히 작성하고 면접을 적극 준비한다.,,
진로와 직업,12,[12진로06-03],"자립생활, 직업생활, 계속교육 중 자신이 선택한 지역사회 전환 기관에서 요구하는 생활 기능을 익히는 것은 기관에 잘 적응하고 자립생활을 유지하기 위해 반드시 필요하다.",선택한 전환 기관에서 요구하는 다양한 생활 기능을 적극 익혀 자립생활을 유지한다.,,
진로와 직업,12,[12진로06-04],"자립생활, 직업생활, 계속교육 중 자신이 선택한 지역사회 전환 기관에서 요구하는 직무 기능을 익히는 것은 전환 후 각 기관에 잘 적응하는 데 중요한 요소이다.",선택한 전환 기관에서 요구하는 다양한 직무 기능을 적극 익혀 적응력을 기른다.,,
체육,4,[4체육01-01],체력 운동을 경험하고 운동에 관심을 기울인다.,다양한 체력 운동을 경험하고 운동에 적극적인 관심과 참여 의지를 보인다.,,
체육,4,[4체육01-02],신체와 주변을 청결하게 관리하고 청결 의식을 기른다.,신체와 주변을 청결하게 관리하는 방법을 알고 청결 의식을 실천한다.,,
체육,4,[4체육01-03],야외활동에서 안전사고를 예방하고 안전 의식을 기른다.,야외활동에서 안전사고를 예방하는 방법을 알고 안전 의식을 실천한다.,,
체육,4,[4체육02-01],달리기와 물 익히기를 경험하고 적극적인 자세로 움직임을 탐색한다.,달리기와 물 익히기 활동을 적극적인 자세로 경험하고 다양한 움직임을 탐색한다.,,
체육,4,[4체육02-02],움직임 특성을 이해하고 뜀뛰기와 물체 던지기를 경험한다.,뜀뛰기와 물체 던지기 움직임의 특성을 이해하고 다양한 방법으로 수행한다.,,
체육,4,[4체육02-03],움직임 특성을 이해하고 이동 및 비이동 움직임을 경험한다.,이동 및 비이동 움직임의 특성을 이해하고 다양하게 경험하며 표현한다.,,
체육,4,[4체육02-04],물체 조작 움직임을 경험하고 적극적인 자세로 움직임을 탐색한다.,공이나 도구 등 물체 조작 움직임을 적극적인 자세로 경험하고 탐색한다.,,
체육,4,[4체육02-05],민속 표현의 기본 움직임을 익히고 움직임의 즐거움을 안다.,민속 표현의 기본 움직임을 익히고 즐거움을 표현하며 참여한다.,,
체육,4,[4체육02-06],움직임 표현의 기본 움직임을 익히고 움직임을 즐기는 태도를 기른다.,움직임 표현의 기본 동작을 익히고 즐기는 태도로 다양하게 표현한다.,,
체육,4,[4체육02-07],공 보내기의 기본 움직임 방법을 이해하고 바르게 수행한다.,공 보내기의 기본 움직임 방법을 정확히 이해하고 바르게 수행한다.,,
체육,4,[4체육02-08],라켓으로 치기를 경험하고 활동에 흥미를 느낀다.,라켓으로 치기 활동을 적극적으로 경험하고 흥미를 가지고 참여한다.,,
체육,4,[4체육02-09],배트로 치기를 경험하고 활동에 흥미를 느낀다.,배트로 치기 활동을 적극적으로 경험하고 흥미를 가지고 참여한다.,,
체육,4,[4체육02-10],실내와 실외에서 바른 자세로 계단 걷기를 하고 주변 환경을 탐색한다.,실내외에서 바른 자세로 계단 걷기를 수행하고 주변 환경을 적극적으로 탐색한다.,,
체육,4,[4체육02-11],플로킹하기를 바르게 실행하고 주변 환경에 관심을 기울인다.,플로킹하기를 바르게 수행하고 주변 환경에 적극적인 관심을 보인다.,,
체육,6,[6체육01-01],건강 체력과 운동 체력의 운동 자세를 모방하고 주의 집중력을 기른다.,건강 체력과 운동 체력의 운동 자세를 정확히 모방하고 주의 집중력을 기른다.,,
체육,6,[6체육01-02],질병 예방하기를 실천하고 건강에 관심을 기울인다.,다양한 질병 예방 행동을 일상에서 실천하고 건강에 적극적인 관심을 표현한다.,,
체육,6,[6체육01-03],운동 장비와 시설을 안전하게 사용하고 안전 의식을 기른다.,다양한 운동 장비와 시설을 안전하게 사용하고 안전 의식을 실천한다.,,
체육,6,[6체육02-01],기초 달리기와 물에서 이동하기의 특성을 이해하고 기능을 익힌다.,기초 달리기와 물에서 이동하기의 특성을 정확히 이해하고 기능을 익힌다.,,
체육,6,[6체육02-02],멀리뛰기와 물체 멀리 던지기의 특성을 이해하고 기능을 익힌다.,멀리뛰기와 물체 멀리 던지기의 특성을 정확히 이해하고 기능을 익힌다.,,
체육,6,[6체육02-03],움직임 만들기의 특성을 이해하고 기능을 익힌다.,다양한 움직임 만들기의 특성을 정확히 이해하고 기능을 익힌다.,,
체육,6,[6체육02-04],표적을 향해 물체 보내기 활동의 특성을 이해하고 기능을 익힌다.,표적을 향해 물체 보내기 활동의 특성을 정확히 이해하고 기능을 익힌다.,,
체육,6,[6체육02-05],민속 표현 모방하기 기능을 익히고 관찰하여 모방하는 태도를 기른다.,민속 표현 모방하기 기능을 정확히 익히고 관찰하여 모방하는 태도를 실천한다.,,
체육,6,[6체육02-06],표현 움직임 모방하기 기능을 익히고 관찰하여 모방하는 태도를 기른다.,표현 움직임 모방하기 기능을 정확히 익히고 관찰하여 모방하는 태도를 실천한다.,,
체육,6,[6체육02-07],공 주고받기 기능을 익히고 동료와 협동하는 태도를 기른다.,공 주고받기 기능을 정확히 익히고 동료와 협동하는 태도를 실천한다.,,
체육,6,[6체육02-08],라켓으로 쳐서 넘기기 방법을 이해하고 기능을 익힌다.,라켓으로 쳐서 넘기기 방법을 정확히 이해하고 기능을 익힌다.,,
체육,6,[6체육02-09],배트로 멀리 치기 방법을 이해하고 기능을 익힌다.,배트로 멀리 치기 방법을 정확히 이해하고 기능을 익힌다.,,
체육,6,[6체육02-10],줄넘기 방법을 알고 기능을 익힌다.,줄넘기의 다양한 방법을 정확히 알고 기능을 익혀 수행한다.,,
체육,6,[6체육02-11],숲 체험하기 방법을 알고 기능을 익힌다.,숲 체험하기의 다양한 방법을 정확히 알고 기능을 익혀 적극 참여한다.,,
체육,9,[9체육01-01],체력 운동 방법을 알고 건강 체력과 운동 체력을 익힌다.,다양한 체력 운동 방법을 정확히 알고 건강 체력과 운동 체력을 익혀 실천한다.,,
체육,9,[9체육01-02],건강한 식습관을 형성하고 바른 식습관을 실천하는 태도를 기른다.,건강한 식습관을 정확히 형성하고 일상에서 적극 실천하는 태도를 기른다.,,
체육,9,[9체육01-03],운동을 하는 과정에서 상해를 예방하고 대처하는 방법을 알고 실행한다.,운동 과정에서 상해를 예방하고 대처하는 다양한 방법을 정확히 알고 실천한다.,,
체육,9,[9체육02-01],"빠르게 달리기, 오래달리기, 기초 수영 동작을 익히고 참고 견디는 태도를 기른다.","빠르게 달리기, 오래달리기, 기초 수영 동작을 정확히 익히고 인내하는 태도를 실천한다.",,
체육,9,[9체육02-02],높이 넘기와 물체 높게 던지기 방법을 알고 기능을 익힌다.,높이 넘기와 물체 높게 던지기 방법을 정확히 알고 기능을 익혀 수행한다.,,
체육,9,[9체육02-03],연속되는 움직임을 이어서 수행하는 방법을 알고 기능을 익힌다.,연속되는 다양한 움직임을 이어서 수행하는 방법을 정확히 알고 기능을 익힌다.,,
체육,9,[9체육02-04],표적 가까이 보내기 방법을 알고 기능을 익힌다.,표적 가까이 보내기 방법을 정확히 알고 기능을 익혀 수행한다.,,
체육,9,[9체육02-05],민속 특징 표현하기 방법을 이해하고 기능을 익힌다.,민속 특징 표현하기 방법을 정확히 이해하고 기능을 익혀 표현한다.,,
체육,9,[9체육02-06],주제 표현하기 기능을 익히고 창의성을 기른다.,주제 표현하기 기능을 정확히 익히고 창의성을 적극 실천한다.,,
체육,9,[9체육02-07],이동하며 공 주고받기 방법을 알고 기능을 익힌다.,이동하며 공 주고받기 방법을 정확히 알고 기능을 익혀 수행한다.,,
체육,9,[9체육02-08],라켓으로 쳐서 네트 너머로 넘기기 기능을 익히고 네트형 스포츠 활동의 규칙을 준수한다.,라켓으로 쳐서 네트 너머로 넘기기 기능을 정확히 익히고 네트형 스포츠 규칙을 적극 준수한다.,,
체육,9,[9체육02-09],배트로 치기와 공 처리하기 방법을 알고 기능을 익힌다.,배트로 치기와 공 처리하기 방법을 정확히 알고 기능을 익혀 수행한다.,,
체육,9,[9체육02-10],인라인스케이팅 방법을 알고 기능을 익힌다.,인라인스케이팅 방법을 정확히 알고 기능을 익혀 수행한다.,,
체육,9,[9체육02-11],하이킹하기 기능을 익히고 건전한 여가를 실천하기 위해 노력한다.,하이킹하기 기능을 정확히 익히고 건전한 여가를 적극 실천한다.,,
체육,12,[12체육01-01],체력 운동을 생활화하고 스스로 자신의 건강을 관리하는 습관을 기른다.,체력 운동을 일상에서 생활화하고 스스로 자신의 건강을 적극 관리하는 습관을 실천한다.,,
체육,12,[12체육01-02],건강한 생활 습관을 형성하고 유지한다.,다양한 건강한 생활 습관을 정확히 형성하고 일상에서 적극 유지한다.,,
체육,12,[12체육01-03],안전하게 생활하는 방법을 실천하고 생활 속 안전 수칙을 준수한다.,안전하게 생활하는 다양한 방법을 적극 실천하고 생활 속 안전 수칙을 준수한다.,,
체육,12,[12체육02-01],달리기와 수영 간이 게임 기능을 익히고 자신의 한계에 도전한다.,달리기와 수영 간이 게임 기능을 정확히 익히고 자신의 한계에 적극 도전한다.,,
체육,12,[12체육02-02],뜀뛰기와 던지기 간이 게임 기능을 익히고 자신의 한계에 도전한다.,뜀뛰기와 던지기 간이 게임 기능을 정확히 익히고 자신의 한계에 적극 도전한다.,,
체육,12,[12체육02-03],동작 도전 간이 게임 규칙과 방법을 이해하고 기능을 익힌다.,동작 도전 간이 게임의 다양한 규칙과 방법을 정확히 이해하고 기능을 익혀 수행한다.,,
체육,12,[12체육02-04],표적 도전 간이 게임 규칙과 방법을 이해하고 기능을 익힌다.,표적 도전 간이 게임의 다양한 규칙과 방법을 정확히 이해하고 기능을 익혀 수행한다.,,
체육,12,[12체육02-05],표현형 스포츠의 발표 및 구성 방법을 알고 민속 표현 작품을 발표하고 감상한다.,표현형 스포츠의 발표와 구성 방법을 정확히 알고 민속 표현 작품을 발표·감상한다.,,
체육,12,[12체육02-06],협동 표현 작품을 발표하고 감상하며 동료의 표현을 존중하는 태도를 기른다.,협동 표현 작품을 적극 발표·감상하며 동료의 표현을 존중하는 태도를 적극 실천한다.,,
체육,12,[12체육02-07],영역형 경쟁 간이 게임 기능을 익히고 모둠 구성원의 단결력을 기른다.,영역형 경쟁 간이 게임 기능을 정확히 익히고 모둠의 단결력을 적극 실천한다.,,
체육,12,[12체육02-08],네트형 경쟁 간이 게임의 규칙과 방법을 알고 기능을 익힌다.,네트형 경쟁 간이 게임의 규칙과 방법을 정확히 알고 기능을 익혀 수행한다.,,
체육,12,[12체육02-09],필드형 경쟁 간이 게임의 규칙과 방법을 알고 기능을 익힌다.,필드형 경쟁 간이 게임의 규칙과 방법을 정확히 알고 기능을 익혀 수행한다.,,
체육,12,[12체육02-10],자전거 타기 방법을 이해하고 기능을 익힌다.,자전거 타기 방법을 정확히 이해하고 기능을 익혀 수행한다.,,
체육,12,[12체육02-11],캠핑하기의 기능을 익히고 타인과의 친화력을 기른다.,캠핑하기 기능을 정확히 익히고 타인과의 친화력을 적극 실천한다.,,
음악,4,[4음악01-01],노랫말을 익혀 노래를 듣고 따라 부른다.,다양한 노랫말을 익혀 노래를 정확히 듣고 따라 부른다.,,
음악,4,[4음악01-02],박에 맞추어 노래를 듣고 따라 부르거나 악기로 연주한다.,박에 맞추어 노래를 정확히 듣고 따라 부르거나 악기로 연주한다.,,
음악,4,[4음악01-03],같은 음과 다른 음을 어울리는 표정이나 몸동작으로 표현한다.,같은 음과 다른 음을 어울리는 표정이나 몸동작으로 다양하게 표현한다.,,
음악,4,[4음악01-04],"소리의 셈과 여림, 빠름과 느림을 신체나 물체, 악기로 표현한다.","소리의 셈여림과 빠르기를 신체, 물체, 악기로 다양하게 표현한다.",,
음악,4,[4음악01-05],"신체나 물체, 여러 가지 타악기의 소리를 탐색하며 주변의 소리에 관심을 갖는다.","신체, 물체, 다양한 타악기 소리를 탐색하고 주변 소리에 적극적인 관심을 보인다.",,
음악,4,[4음악01-06],노래를 부르거나 악기를 연주하며 친구들과 놀이에 즐겁게 참여한다.,노래와 악기 연주로 친구들과 함께하는 음악 놀이에 즐겁게 참여한다.,,
음악,4,[4음악02-01],기초적인 음악 요소를 고려하여 소리를 다르게 바꾼다.,기초적인 음악 요소를 고려하여 소리를 다양하게 변화시켜 표현한다.,,
음악,4,[4음악02-02],주변에서 경험한 다양한 소리를 모방하여 간단한 음악으로 만든다.,주변에서 경험한 다양한 소리를 모방하여 간단한 음악을 만들어 표현한다.,,
음악,4,[4음악02-03],자신의 느낌을 음악으로 나타내며 주변 소리에 호기심을 갖는다.,자신의 느낌을 음악으로 다양하게 나타내며 주변 소리에 호기심을 표현한다.,,
음악,4,[4음악03-01],"음악을 듣고 다양한 분위기나 느낌을 신체, 목소리 등으로 반응한다.","음악을 듣고 다양한 분위기와 느낌을 신체, 목소리 등으로 적절히 반응한다.",,
음악,4,[4음악03-02],"박, 가락, 셈여림, 빠르기 등의 기초적인 음악 요소를 탐색하며 듣는다.","박, 가락, 셈여림, 빠르기 등 기초적인 음악 요소를 정확히 탐색하며 듣는다.",,
음악,4,[4음악03-03],가족이나 친구가 좋아하는 음악을 듣고 주변 음악에 관심을 갖는다.,가족이나 친구가 좋아하는 다양한 음악을 듣고 주변 음악에 적극적인 관심을 보인다.,,
음악,4,[4음악03-04],내가 좋아하는 음악을 듣고 우리 음악에 흥미를 갖는다.,자신이 좋아하는 음악을 듣고 우리 음악에 적극적인 흥미와 관심을 표현한다.,,
음악,6,[6음악01-01],말 리듬을 익혀 노래를 듣고 따라 부른다.,다양한 말 리듬을 정확히 익혀 노래를 듣고 따라 부른다.,,
음악,6,[6음악01-02],장단에 맞추어 노래를 듣고 따라 부르거나 악기로 연주한다.,다양한 장단에 맞추어 노래를 정확히 듣고 따라 부르거나 악기로 연주한다.,,
음악,6,[6음악01-03],"음의 길고 짧음, 점점 빠르게와 점점 느리게를 다양한 신체 동작으로 표현한다.","음의 길고 짧음, 점점 빠르게/느리게를 다양한 신체 동작으로 정확히 표현한다.",,
음악,6,[6음악01-04],"음의 높고 낮음, 점점 세게와 점점 여리게의 소리를 악기로 표현한다.","음의 높낮이, 점점 세게/여리게의 소리를 다양한 악기로 정확히 표현한다.",,
음악,6,[6음악01-05],선율 및 무선율 타악기의 종류와 소리를 탐색하며 악기 연주에 흥미를 갖는다.,선율 및 무선율 타악기의 종류와 소리를 정확히 탐색하며 악기 연주에 흥미를 표현한다.,,
음악,6,[6음악01-06],노래나 악기 연주로 주변의 행사에 참여함으로써 표현을 통한 자신감을 갖는다.,노래나 악기 연주로 주변의 다양한 행사에 적극 참여하며 자신감을 표현한다.,,
음악,6,[6음악02-01],음악 요소를 고려하여 노랫말을 바꾼다.,다양한 음악 요소를 고려하여 노랫말을 창의적으로 바꾸어 표현한다.,,
음악,6,[6음악02-02],일상생활 속 장면이나 상황에 대한 느낌을 간단한 음악으로 만든다.,일상생활 속 다양한 장면이나 상황에 대한 느낌을 간단한 음악으로 만들어 표현한다.,,
음악,6,[6음악02-03],자신의 상상을 음악으로 나타내며 창작에 흥미를 갖는다.,자신의 다양한 상상을 음악으로 적극적으로 나타내며 창작에 흥미를 표현한다.,,
음악,6,[6음악03-01],"음악을 듣고 느낌이나 상황을 신체, 악기, 그림 등으로 표현한다.","음악을 듣고 다양한 느낌이나 상황을 신체, 악기, 그림 등으로 적절히 표현한다.",,
음악,6,[6음악03-02],"리듬, 장단, 가락, 셈여림, 빠르기 등의 음악 요소를 탐색하며 듣는다.","리듬, 장단, 가락, 셈여림, 빠르기 등 다양한 음악 요소를 정확히 탐색하며 듣는다.",,
음악,6,[6음악03-03],일상생활과 함께하는 음악을 듣고 소리와 음악에 대한 즐거움을 갖는다.,일상생활과 함께하는 다양한 음악을 듣고 소리와 음악의 즐거움을 표현한다.,,
음악,6,[6음악03-04],일상생활 속 음악을 듣고 다양한 우리 음악에 친숙함을 느낀다.,일상생활 속 다양한 우리 음악을 듣고 친숙함과 흥미를 적극 표현한다.,,
음악,9,[9음악01-01],적절한 발성과 목소리 크기를 탐색하여 노래를 부른다.,적절한 발성과 목소리 크기를 정확히 탐색하여 다양한 노래를 부른다.,,
음악,9,[9음악01-02],장단의 구음을 익혀 부르고 악기로 연주한다.,다양한 장단의 구음을 정확히 익혀 부르고 악기로 연주한다.,,
음악,9,[9음악01-03],악곡에서 반복되는 리듬이나 가락의 움직임을 찾아 신체나 악기를 활용하여 표현한다.,악곡에서 반복되는 리듬과 가락의 움직임을 정확히 찾아 신체와 악기로 표현한다.,,
음악,9,[9음악01-04],셈여림과 빠르기를 살려 악곡의 일부를 노래로 부르거나 악기로 연주한다.,셈여림과 빠르기를 정확히 살려 악곡의 일부를 노래로 부르거나 악기로 연주한다.,,
음악,9,[9음악01-05],친구들과 가락악기를 연주하며 음악으로 함께하는 태도를 갖는다.,친구들과 가락악기를 적극적으로 연주하며 음악으로 함께하는 태도를 실천한다.,,
음악,9,[9음악01-06],생활 속에서 노래나 악기 연주를 발표하는 활동을 통해 노력과 성취감을 경험한다.,생활 속에서 노래나 악기 발표 활동을 통해 노력과 성취감을 적극 경험한다.,,
음악,9,[9음악02-01],음악 요소를 활용하여 간단한 리듬으로 이루어진 음악을 만든다.,다양한 음악 요소를 활용하여 간단한 리듬으로 이루어진 음악을 창의적으로 만든다.,,
음악,9,[9음악02-02],줄거리를 생각하며 이야기의 일부를 음악으로 만든다.,줄거리를 생각하며 이야기의 일부를 다양한 음악으로 만들어 표현한다.,,
음악,9,[9음악02-03],자신의 상상을 담은 음악을 만들며 새로운 음악을 즐기는 태도를 갖는다.,자신의 다양한 상상을 담은 음악을 만들며 새로운 음악을 즐기는 태도를 실천한다.,,
음악,9,[9음악03-01],음악을 듣고 주제나 장면을 음악으로 표현하거나 이야기한다.,음악을 듣고 다양한 주제나 장면을 음악으로 표현하거나 풍부하게 이야기한다.,,
음악,9,[9음악03-02],"리듬, 장단, 가락, 셈여림, 빠르기 등의 다양한 음악 요소를 떠올리며 듣는다.","리듬, 장단, 가락, 셈여림, 빠르기 등 다양한 음악 요소를 정확히 떠올리며 듣는다.",,
음악,9,[9음악03-03],공동체의 음악을 들으며 생활 속 행사나 의식에 참여하는 태도를 갖는다.,공동체의 다양한 음악을 들으며 생활 속 행사나 의식에 적극 참여하는 태도를 실천한다.,,
음악,9,[9음악03-04],사회에서 다양하게 활용되는 음악을 들으며 우리나라와 세계의 음악을 즐긴다.,사회에서 다양하게 활용되는 음악을 들으며 우리나라와 세계의 음악을 적극 즐긴다.,,
음악,12,[12음악01-01],편안한 발성과 호흡으로 노래를 부른다.,편안한 발성과 호흡을 정확히 활용하여 다양한 노래를 부른다.,,
음악,12,[12음악01-02],다양한 장단의 느낌을 살려 노래를 부르거나 악기로 연주한다.,다양한 장단의 느낌을 살려 노래를 부르거나 악기로 정확히 연주한다.,,
음악,12,[12음악01-03],"서로 다른 리듬, 같은 가락과 다른 가락을 구별하고 역할을 나누어 표현한다.","서로 다른 리듬, 같은 가락과 다른 가락을 정확히 구별하고 역할을 나누어 표현한다.",,
음악,12,[12음악01-04],셈여림과 빠르기에 변화를 주며 함께 노래를 부르거나 악기로 연주한다.,셈여림과 빠르기에 변화를 주며 함께 노래를 부르거나 악기로 정확히 연주한다.,,
음악,12,[12음악01-05],다양한 악기 소리의 어울림을 느끼며 다른 사람과 조화를 이루어 연주하는 태도를 갖는다.,다양한 악기 소리의 어울림을 느끼며 다른 사람과 조화를 이루어 적극 연주한다.,,
음악,12,[12음악01-06],생활 속에서 연주를 준비하고 공연하는 활동에 참여함으로써 소통하고 협력하는 태도를 갖는다.,생활 속에서 연주를 준비하고 공연하는 활동에 적극 참여하며 소통과 협력을 실천한다.,,
음악,12,[12음악02-01],음악 요소를 활용하여 간단한 가락으로 구성된 음악을 만든다.,다양한 음악 요소를 활용하여 간단한 가락으로 구성된 음악을 창의적으로 만든다.,,
음악,12,[12음악02-02],줄거리에 따라 역할을 나누어 음악극을 만든다.,줄거리에 따라 역할을 나누어 다양한 음악극을 창의적으로 만든다.,,
음악,12,[12음악02-03],상상과 의도를 담은 음악 작품을 친구와 협동하여 완성하는 태도를 갖는다.,상상과 의도를 담은 음악 작품을 친구와 협동하여 적극 완성한다.,,
음악,12,[12음악03-01],음악을 듣고 배경이나 줄거리를 서로 이야기한다.,음악을 듣고 다양한 배경이나 줄거리를 풍부하게 이야기한다.,,
음악,12,[12음악03-02],"리듬, 장단, 가락, 셈여림, 빠르기 등과 같은 음악 요소의 변화를 구분하며 듣는다.","리듬, 장단, 가락, 셈여림, 빠르기 등 음악 요소의 변화를 정확히 구분하며 듣는다.",,
음악,12,[12음악03-03],여러 문화권의 음악을 듣고 다양한 음악에 대한 존중과 예절을 갖춘다.,여러 문화권의 다양한 음악을 듣고 다양한 음악에 대한 존중과 예절을 적극 실천한다.,,
음악,12,[12음악03-04],여러 매체에서 활용된 음악을 듣고 다양한 음악의 가치를 인식한다.,여러 매체에서 활용된 음악을 듣고 다양한 음악의 가치를 정확히 인식하여 표현한다.,,
미술,4,[4미술01-01],자신의 감각을 확인하고 주변 환경을 탐색한다.,자신의 다양한 감각을 적극 활용하여 주변 환경을 풍부하게 탐색한다.,,
미술,4,[4미술01-02],나의 얼굴과 몸에 관심을 기울이고 탐색한다.,자신의 얼굴과 몸에 적극적인 관심을 가지고 다양한 방법으로 탐색한다.,,
미술,4,[4미술01-03],주변 환경과 사람에 흥미와 관심을 가지고 즐겁게 탐색한다.,주변 환경과 사람에 적극적인 흥미와 관심을 가지고 다양하게 탐색한다.,,
미술,4,[4미술01-04],주변 환경에 대한 생각과 느낌을 몸으로 표현한다.,주변 환경에 대한 자신의 생각과 느낌을 다양한 몸동작으로 표현한다.,,
미술,4,[4미술02-01],생활 주변에서 친숙한 소재를 찾아 표현 활동에 즐겁게 참여한다.,생활 주변의 친숙한 다양한 소재를 찾아 표현 활동에 즐겁게 참여한다.,,
미술,4,[4미술02-02],자신과 주변 환경에 관심을 기울이고 색과 모양을 찾아 표현한다.,자신과 주변 환경의 색과 모양에 관심을 기울이고 다양한 방법으로 표현한다.,,
미술,4,[4미술02-03],"주변의 표현 재료와 용구로 그리기, 만들기 등의 표현 활동을 경험한다.","주변의 다양한 표현 재료와 용구로 그리기, 만들기 활동을 풍부하게 경험한다.",,
미술,4,[4미술02-04],주변의 자연환경에서 소재를 찾고 환경을 소중하게 여기는 태도를 지닌다.,주변 자연환경에서 다양한 소재를 찾고 환경을 소중히 여기는 태도를 실천한다.,,
미술,4,[4미술03-01],나의 주변 미술 작품에 관심을 기울이고 생활 속 다양한 미술 작품을 찾는다.,주변의 다양한 미술 작품에 적극적인 관심을 가지고 생활 속에서 작품을 찾는다.,,
미술,4,[4미술03-02],내가 좋아하는 미술 작품을 전시하고 즐기는 태도를 지닌다.,자신이 좋아하는 미술 작품을 다양하게 전시하고 즐기는 태도를 실천한다.,,
미술,6,[6미술01-01],감각을 활용하여 주변 대상을 탐색할 수 있다.,다양한 감각을 적극 활용하여 주변 대상을 풍부하고 정확하게 탐색한다.,,
미술,6,[6미술01-02],주변 대상에 대한 생각과 느낌을 다양한 방법으로 나타낼 수 있다.,주변 대상에 대한 자신의 생각과 느낌을 다양한 방법으로 풍부하게 표현한다.,,
미술,6,[6미술01-03],주변의 생활환경에서 자주 쓰이는 이미지를 찾는다.,주변 생활환경에서 자주 쓰이는 다양한 이미지를 정확히 찾아 표현한다.,,
미술,6,[6미술01-04],"집, 교실, 학교 등에서 다양한 생활 속 미술을 발견하고 아름다움을 즐긴다.","집, 교실, 학교 등에서 다양한 생활 속 미술을 발견하고 아름다움을 적극 즐긴다.",,
미술,6,[6미술01-05],타 교과와 연결된 다양한 미술 활동에 참여한다.,다른 교과와 연결된 다양한 미술 활동에 적극적으로 참여한다.,,
미술,6,[6미술02-01],주변 환경과 대상을 관찰하고 흥미로운 주제를 찾아 표현한다.,주변 환경과 대상을 관찰하여 흥미로운 주제를 정확히 찾아 다양하게 표현한다.,,
미술,6,[6미술02-02],기본적인 표현 재료와 용구의 사용법을 익히고 표현 활동에 즐겁게 참여한다.,다양한 표현 재료와 용구의 사용법을 정확히 익히고 표현 활동에 즐겁게 참여한다.,,
미술,6,[6미술02-03],기본적인 조형 요소를 사용하여 자신이 표현하고 싶은 것을 그리거나 만든다.,기본적인 조형 요소를 활용하여 자신이 표현하고 싶은 것을 다양하게 그리거나 만든다.,,
미술,6,[6미술02-04],환경 친화적인 재료와 방법으로 작품을 만들며 환경의 소중함을 느낀다.,환경 친화적인 재료와 방법으로 작품을 만들며 환경의 소중함을 느끼고 표현한다.,,
미술,6,[6미술02-05],타 교과와 연결된 표현 활동에 흥미를 느낀다.,다른 교과와 연결된 다양한 표현 활동에 적극적인 흥미를 표현한다.,,
미술,6,[6미술03-01],생활 속 미술 작품을 자세히 살펴보고 일상생활에서 미술을 즐기는 태도를 지닌다.,생활 속 다양한 미술 작품을 자세히 살펴보고 일상에서 미술을 즐기는 태도를 실천한다.,,
미술,6,[6미술03-02],미술 작품의 특징에 관해 자신의 생각과 느낌을 나눌 수 있다.,미술 작품의 다양한 특징에 관해 자신의 생각과 느낌을 풍부하게 나눈다.,,
미술,6,[6미술03-03],주변의 미술 작품에 흥미와 관심을 가지고 바른 관람 태도로 감상한다.,주변의 다양한 미술 작품에 적극적인 흥미와 관심을 가지고 바른 관람 태도를 실천한다.,,
미술,9,[9미술01-01],다양한 감각과 매체를 활용하여 대상과 현상을 탐색할 수 있다.,다양한 감각과 매체를 적극 활용하여 대상과 현상을 풍부하게 탐색한다.,,
미술,9,[9미술01-02],대상과 현상을 관찰하고 시각적 특징을 찾는다.,대상과 현상을 정확히 관찰하여 다양한 시각적 특징을 찾아 표현한다.,,
미술,9,[9미술01-03],생활 속 이미지의 의미를 알고 이미지를 활용하여 자신의 생각과 느낌에 대해 타인과 소통한다.,생활 속 이미지의 의미를 정확히 알고 이미지를 활용하여 자신의 생각을 풍부하게 소통한다.,,
미술,9,[9미술01-04],미술과 연계된 다양한 분야를 살펴보고 다양성을 수용하는 태도를 지닌다.,미술과 연계된 다양한 분야를 적극 살펴보고 다양성을 수용하는 태도를 실천한다.,,
미술,9,[9미술02-01],자신이 표현하고 싶은 주제가 잘 드러나는 소재를 찾아 즐겁게 표현한다.,자신이 표현하고 싶은 주제가 잘 드러나는 다양한 소재를 정확히 찾아 풍부하게 표현한다.,,
미술,9,[9미술02-02],다양한 표현 재료와 방법의 특징을 살려 자신감 있게 작품을 제작한다.,다양한 표현 재료와 방법의 특징을 정확히 살려 자신감 있게 작품을 제작한다.,,
미술,9,[9미술02-03],조형 요소의 어울림을 통해 조형 원리에 흥미를 가지고 표현 활동을 한다.,조형 요소의 어울림을 통해 조형 원리에 흥미를 가지고 표현 활동에 적극 참여한다.,,
미술,9,[9미술02-04],미술을 다양한 분야와 연계하여 표현하고 서로 다른 표현 방법을 수용하는 태도를 지닌다.,미술을 다양한 분야와 연계하여 표현하고 서로 다른 표현 방법을 적극 수용한다.,,
미술,9,[9미술03-01],미술가들의 작품을 감상하고 미술 감상에 흥미와 관심을 가진다.,다양한 미술가들의 작품을 감상하고 미술 감상에 적극적인 흥미와 관심을 표현한다.,,
미술,9,[9미술03-02],공동체의 미술 문화에 관심을 기울이고 지역사회의 미술 문화 활동에 참여할 수 있다.,공동체의 미술 문화에 적극적인 관심을 갖고 지역사회 미술 문화 활동에 능동 참여한다.,,
미술,9,[9미술03-03],여러 가지 방법으로 미술 작품을 비교하고 미술의 다양성을 수용하는 태도를 지닌다.,여러 방법으로 다양한 미술 작품을 비교하고 미술의 다양성을 적극 수용한다.,,
미술,12,[12미술01-01],감각을 활용한 미적 인식을 통해 아름다움을 발견한다.,다양한 감각을 활용한 미적 인식을 통해 풍부한 아름다움을 정확히 발견한다.,,
미술,12,[12미술01-02],생활 속 시각 문화를 체험하고 이미지를 활용한다.,생활 속 시각 문화를 적극 체험하고 다양한 이미지를 정확히 활용한다.,,
미술,12,[12미술01-03],지역과 시대에 따른 미술 속 아름다움의 요소를 찾고 다양한 생각과 느낌을 존중한다.,지역과 시대에 따른 미술 속 다양한 아름다움의 요소를 찾고 다양한 생각을 적극 존중한다.,,
미술,12,[12미술01-04],미술과 관련된 다양한 직업을 탐색하고 친구와 협력하는 태도를 지닌다.,미술 관련 다양한 직업을 적극 탐색하고 친구와 협력하는 태도를 실천한다.,,
미술,12,[12미술02-01],다양한 발상을 통해 소재와 주제를 정하고 창의적인 미술 표현에 도전한다.,다양한 발상으로 소재와 주제를 정하고 창의적인 미술 표현에 적극 도전한다.,,
미술,12,[12미술02-02],연상 혹은 상상을 통해 떠오른 주제를 표현하고 자신과 타인의 작품을 존중한다.,연상과 상상으로 떠오른 주제를 풍부하게 표현하고 자신과 타인의 작품을 적극 존중한다.,,
미술,12,[12미술02-03],다양한 조형 요소와 원리를 활용하여 효과적으로 작품을 제작하고 즐기는 태도를 지닌다.,다양한 조형 요소와 원리를 활용하여 효과적으로 작품을 제작하고 즐기는 태도를 실천한다.,,
미술,12,[12미술02-04],"새로운 표현 재료와 방법, 매체 등을 활용하고 창의적인 표현에 대한 흥미를 갖는다.","새로운 표현 재료, 방법, 매체 등을 적극 활용하고 창의적인 표현에 흥미를 표현한다.",,
미술,12,[12미술02-05],미술과 관련된 직업을 알아보고 그와 관련된 미술 표현 활동을 한다.,미술 관련 다양한 직업을 알아보고 그와 관련된 미술 표현 활동에 적극 참여한다.,,
미술,12,[12미술03-01],여러 지역과 시대적 배경의 미술 작품을 살펴보고 다양성을 존중하는 태도를 지닌다.,여러 지역과 시대적 배경의 미술 작품을 풍부하게 살펴보고 다양성을 적극 존중한다.,,
미술,12,[12미술03-02],미술 작품의 특징을 분석하고 미술 감상에 흥미와 관심을 가진다.,미술 작품의 다양한 특징을 정확히 분석하고 미술 감상에 적극적인 흥미와 관심을 표현한다.,,
미술,12,[12미술03-03],환경 친화적인 미술 작품을 감상하고 환경을 소중히 여기는 태도를 지닌다.,환경 친화적인 미술 작품을 적극 감상하고 환경을 소중히 여기는 태도를 실천한다.,,
정보통신활용,9,[9정통01-01],"정보통신의 의미를 이해하고, 다양한 형태와 방법으로 제공되는 정보를 살펴본다.",정보통신의 의미를 정확히 이해하고 다양한 형태와 방법의 정보를 풍부하게 살펴본다.,,
정보통신활용,9,[9정통01-02],"다양한 정보통신 기기의 종류를 알고, 기본 기능을 익힌다.",다양한 정보통신 기기의 종류를 정확히 알고 기본 기능을 익혀 활용한다.,,
정보통신활용,9,[9정통01-03],정보통신 기기의 기본 프로그램을 익혀 실생활에서 사용한다.,정보통신 기기의 다양한 기본 프로그램을 정확히 익혀 실생활에서 활용한다.,,
정보통신활용,9,[9정통01-04],"필요한 정보를 수집하고, 타인과 정보를 주고받는다.",필요한 정보를 정확히 수집하고 타인과 정보를 적극적으로 주고받는다.,,
정보통신활용,9,[9정통02-01],"컴퓨터의 구성을 이해하고, 컴퓨터의 장치와 기본 기능을 익혀 실생활에서 사용한다.",컴퓨터의 구성을 정확히 이해하고 컴퓨터의 장치와 기본 기능을 익혀 실생활에서 활용한다.,,
정보통신활용,9,[9정통02-02],인터넷 검색을 통해 목적에 따라 필요한 정보를 찾는다.,인터넷 검색을 통해 목적에 따른 필요한 정보를 정확히 찾아 활용한다.,,
정보통신활용,9,[9정통02-03],"순차, 선택, 반복 구조를 통해 문제 해결 과정을 탐색한다.","순차, 선택, 반복 구조를 통해 다양한 문제 해결 과정을 정확히 탐색한다.",,
정보통신활용,9,[9정통02-04],"인공지능에 대해 관심을 기울이고, 생활 속 인공지능의 다양한 사례를 탐색한다.",인공지능에 적극적인 관심을 갖고 생활 속 인공지능의 다양한 사례를 풍부하게 탐색한다.,,
정보통신활용,9,[9정통03-01],디지털 공간에서 올바른 예절을 익혀 실천한다.,디지털 공간의 다양한 예절을 정확히 익혀 일상에서 적극 실천한다.,,
정보통신활용,9,[9정통03-02],"개인 정보 보호의 중요성을 알고, 안전하게 관리하는 습관을 기른다.",개인 정보 보호의 중요성을 정확히 알고 안전하게 관리하는 습관을 적극 실천한다.,,
정보통신활용,9,[9정통03-03],가정생활에서 디지털 기술이 적용된 사례를 살펴보고 경험한다.,가정생활에서 디지털 기술이 적용된 다양한 사례를 살펴보고 적극적으로 경험한다.,,
정보통신활용,9,[9정통03-04],"디지털 환경에서 여가활동을 체험하고, 즐겁게 참여한다.",디지털 환경에서 다양한 여가활동을 적극적으로 체험하고 즐겁게 참여한다.,,
정보통신활용,12,[12정통01-01],"정보통신의 발전 과정에 따른 특징을 살펴보고, 미래의 변화에 관심을 기울인다.",정보통신의 발전 과정에 따른 다양한 특징을 정확히 살펴보고 미래 변화에 적극적인 관심을 표현한다.,,
정보통신활용,12,[12정통01-02],"정보통신 기기의 사용법을 익히고, 올바른 관리 방법을 실천한다.",정보통신 기기의 사용법을 정확히 익히고 올바른 관리 방법을 적극 실천한다.,,
정보통신활용,12,[12정통01-03],정보통신 기기의 응용 프로그램을 선택하여 상황에 맞게 활용한다.,정보통신 기기의 다양한 응용 프로그램을 선택하여 상황에 맞게 적극 활용한다.,,
정보통신활용,12,[12정통01-04],"정보를 선별하고 생산하기, 목적에 맞게 정보를 사용하고 공유하는 과정에 서 개인의 참여를 중시하고, 자기 결정 및 표현의 자유, 권리 보호 등 민주시민으로서의 역 량을 키우는 데 중점을 둔다.",정보를 선별·생산하고 목적에 맞게 사용·공유하며 민주시민 역량을 적극 실천한다.,,
정보통신활용,12,[12정통02-01],"컴퓨팅 시스템의 이해를 바탕으로, 상황과 목적에 적합한 컴퓨터 프로그램을 사용한다.",컴퓨팅 시스템의 이해를 바탕으로 상황과 목적에 적합한 컴퓨터 프로그램을 정확히 사용한다.,,
정보통신활용,12,[12정통02-02],인터넷 정보를 수집하여 타인과 소통하고 협력하며 실생활에 활용한다.,인터넷 정보를 정확히 수집하여 타인과 적극적으로 소통·협력하며 실생활에 활용한다.,,
정보통신활용,12,[12정통02-03],"생활 속 다양한 문제 해결 상황을 인식하고, 문제 해결 절차를 구성한다.",생활 속 다양한 문제 해결 상황을 정확히 인식하고 문제 해결 절차를 풍부하게 구성한다.,,
정보통신활용,12,[12정통02-04],일상생활에서 인공지능 기기를 활용하여 생활의 편리함을 경험한다.,일상생활에서 다양한 인공지능 기기를 적극 활용하여 생활의 편리함을 풍부하게 경험한다.,,
정보통신활용,12,[12정통03-01],"디지털 윤리를 이해하고, 디지털 공간에서 타인을 존중하고 배려하는 태도를 기른다.",디지털 윤리를 정확히 이해하고 디지털 공간에서 타인을 존중·배려하는 태도를 적극 실천한다.,,
정보통신활용,12,[12정통03-02],"디지털 중독 및 디지털 범죄 사례를 살펴보고, 예방하는 방법을 실천한다.",디지털 중독과 범죄 사례를 정확히 살펴보고 예방 방법을 적극 실천한다.,,
정보통신활용,12,[12정통03-03],지역사회의 다양한 디지털 문화를 경험하고 실생활에 활용한다.,지역사회의 다양한 디지털 문화를 적극 경험하고 실생활에 풍부하게 활용한다.,,
정보통신활용,12,[12정통03-04],디지털 사회에서의 다양한 직업을 탐색하고 체험한다.,디지털 사회의 다양한 직업을 적극 탐색하고 풍부하게 체험한다.,,
생활영어,09,[09생영01-01],주변의 소리를 듣고 영어를 식별한다.,주변의 다양한 소리를 듣고 영어를 정확히 식별한다.,,
생활영어,09,[09생영01-02],소리를 듣고 알파벳을 식별한다.,다양한 소리를 듣고 알파벳을 정확히 식별한다.,,
생활영어,09,[09생영01-03],알파벳과 낱말의 소리를 듣고 말한다.,알파벳과 낱말의 다양한 소리를 정확히 듣고 따라 말한다.,,
생활영어,09,[09생영01-04],"개인, 가정, 학교생활에서 사용하는 낱말과 표현을 듣고, 그 의미를 파악한다.","개인, 가정, 학교생활의 다양한 낱말과 표현을 듣고 그 의미를 정확히 파악한다.",,
생활영어,09,[09생영01-05],"개인, 가정, 학교생활에서 사용하는 낱말과 표현을 말한다.","개인, 가정, 학교생활의 다양한 낱말과 표현을 정확히 말한다.",,
생활영어,09,[09생영01-06],주변에서 사용하는 외래어에 관심을 가지고 듣고 말한다.,주변에서 사용하는 다양한 외래어에 적극적인 관심을 가지고 정확히 듣고 말한다.,,
생활영어,09,[09생영01-07],다양한 매체를 활용하여 낱말 및 표현을 이해하고 전달한다.,다양한 매체를 정확히 활용하여 영어 낱말과 표현을 이해하고 풍부하게 전달한다.,,
생활영어,09,[09생영02-01],주변에서 사용하는 알파벳을 보고 영어 읽기에 관심을 갖는다.,주변에서 사용하는 다양한 알파벳을 보고 영어 읽기에 적극적인 관심을 표현한다.,,
생활영어,09,[09생영02-02],"영어의 가장 기초가 되는 알파벳 대·소문자의 구성을 알고 그 형태를 구별 하여 읽기의 기초를 다지기 위해 설정하였으며 알파벳 대·소문자 형태 구분하기, 알파벳 대· 소문자 읽기 등의 내용을 다룬다.",알파벳 대·소문자의 구성을 정확히 알고 형태를 구별하여 정확히 읽는다.,,
생활영어,09,[09생영02-03],"개인, 가정, 학교생활에서 사용하는 영어 낱말 및 표현을 읽고 의미를 파악한다.","개인, 가정, 학교생활의 다양한 영어 낱말과 표현을 읽고 의미를 정확히 파악한다.",,
생활영어,09,[09생영02-04],다양한 매체를 활용하여 낱말과 표현을 읽고 관련 정보를 이해한다.,다양한 매체를 활용하여 영어 낱말과 표현을 읽고 관련 정보를 정확히 이해한다.,,
생활영어,09,[09생영03-01],주변에서 사용하는 알파벳을 보고 영어 쓰기에 관심을 갖는다.,주변에서 사용하는 다양한 알파벳을 보고 영어 쓰기에 적극적인 관심을 표현한다.,,
생활영어,09,[09생영03-02],알파벳 대문자·소문자를 구별하여 쓴다.,알파벳 대문자와 소문자를 정확히 구별하여 쓴다.,,
생활영어,09,[09생영03-03],"개인, 가정, 학교생활에서 사용하는 영어 낱말과 표현을 쓴다.","개인, 가정, 학교생활의 다양한 영어 낱말과 표현을 정확히 쓴다.",,
생활영어,09,[09생영03-04],다양한 매체를 활용하여 알파벳과 영어 낱말을 쓴다.,다양한 매체를 활용하여 알파벳과 영어 낱말을 정확히 쓴다.,,
생활영어,12,[12생영01-01],"실물, 그림, 사진 등과 관련된 낱말·어구·문장을 듣고 말한다.","실물, 그림, 사진과 관련된 다양한 낱말·어구·문장을 정확히 듣고 말한다.",,
생활영어,12,[12생영01-02],"지역사회, 직업생활 관련 낱말·어구·문장을 듣고 의미를 파악한다.",지역사회와 직업생활 관련 다양한 낱말·어구·문장을 듣고 의미를 정확히 파악한다.,,
생활영어,12,[12생영01-03],다양한 장소·상황·주제에 따른 지시나 설명을 듣고 과제를 수행한다.,다양한 장소·상황·주제에 따른 지시나 설명을 정확히 듣고 과제를 수행한다.,,
생활영어,12,[12생영01-04],"다른 사람과 대화할 때, 경청하는 자세와 적절하게 말하는 능력을 향상시키 기 위하여 설정하였다.",다른 사람과 대화할 때 경청하는 자세와 적절한 말하기 능력을 적극 실천한다.,,
생활영어,12,[12생영01-05],매체를 활용하여 낱말·어구·문장을 듣고 말이나 대화를 한다.,다양한 매체를 적극 활용하여 낱말·어구·문장을 듣고 풍부하게 말과 대화를 한다.,,
생활영어,12,[12생영01-06],여러 나라 문화와 관련 영어표현을 듣고 말한다.,여러 나라 문화와 관련된 다양한 영어표현을 정확히 듣고 말한다.,,
생활영어,12,[12생영02-01],실물ㆍ그림ㆍ사진 등에 있는 낱말·어구·문장을 읽는다.,실물·그림·사진에 있는 다양한 낱말·어구·문장을 정확히 읽는다.,,
생활영어,12,[12생영02-02],여러 가지 상황에 적합한 낱말·어구·문장을 읽고 의미를 파악한다.,여러 가지 상황에 적합한 다양한 낱말·어구·문장을 읽고 의미를 정확히 파악한다.,,
생활영어,12,[12생영02-03],"지역사회, 직업생활에서의 영어표현을 읽고 정보를 활용한다.",지역사회와 직업생활의 다양한 영어표현을 읽고 정보를 적극 활용한다.,,
생활영어,12,[12생영02-04],"다양한 매체를 다루는 능력을 통해 원격수업에 참여하고, 디지털 소양을 기 르기 위해 설정하였다.",다양한 매체를 다루는 능력으로 원격수업에 적극 참여하고 디지털 소양을 적극 실천한다.,,
생활영어,12,[12생영02-05],여러 나라의 문화와 관련된 영어표현을 읽는다.,여러 나라의 문화와 관련된 다양한 영어표현을 정확히 읽는다.,,
생활영어,12,[12생영03-01],실물·그림·사진 등에 있는 낱말·어구·문장을 보고 쓴다.,실물·그림·사진에 있는 다양한 낱말·어구·문장을 보고 정확히 쓴다.,,
생활영어,12,[12생영03-02],실물·그림·사진 등을 보고 알맞은 낱말을 넣어 어구와 문장을 완성한다.,실물·그림·사진을 보고 알맞은 낱말을 넣어 어구와 문장을 정확히 완성한다.,,
생활영어,12,[12생영03-03],"지역사회, 직업생활에 적합한 낱말·어구·문장을 쓴다.",지역사회와 직업생활에 적합한 다양한 낱말·어구·문장을 정확히 쓴다.,,
생활영어,12,[12생영03-04],매체를 활용하여 적합한 낱말·어구·문장을 입력한다.,다양한 매체를 적극 활용하여 적합한 낱말·어구·문장을 정확히 입력한다.,,
생활영어,12,[12생영03-05],여러 나라의 문화와 관련된 영어표현을 쓴다.,여러 나라의 문화와 관련된 다양한 영어표현을 정확히 쓴다.,,
보건,9,[9보건01-01],생활 습관이 건강에 미치는 영향을 이해하고 건강한 생활 관리 방법을 실천한다.,생활 습관이 건강에 미치는 영향을 정확히 이해하고 건강한 생활 관리 방법을 적극 실천한다.,,
보건,9,[9보건01-02],개인위생 관리를 생활화하여 질병을 예방한다.,다양한 개인위생 관리를 일상에서 생활화하여 질병을 정확히 예방한다.,,
보건,9,[9보건01-03],질병의 종류와 증상을 알고 예방과 관리를 위한 생활 수칙을 실천한다.,다양한 질병의 종류와 증상을 정확히 알고 예방·관리를 위한 생활 수칙을 적극 실천한다.,,
보건,9,[9보건01-04],감정 조절 기술을 습득하여 상황에 따라 적절하게 감정을 표현한다.,다양한 감정 조절 기술을 정확히 습득하여 상황에 따라 적절하게 감정을 표현한다.,,
보건,9,[9보건02-01],건강 정보와 자원의 종류 및 특성을 알고 보건 의료 서비스를 적절하게 이용한다.,건강 정보와 자원의 종류와 특성을 정확히 알고 보건 의료 서비스를 적절히 이용한다.,,
보건,9,[9보건02-02],흡연과 음주의 위험을 인식하고 노출 상황에서 적절하게 대처한다.,흡연과 음주의 위험을 정확히 인식하고 노출 상황에서 적절히 대처한다.,,
보건,9,[9보건02-03],약물 오?남용의 의미를 알고 의약품을 안전하게 사용한다.,약물 오·남용의 의미를 정확히 알고 의약품을 안전하게 사용한다.,,
보건,9,[9보건02-04],스마트폰?인터넷 과의존이 건강에 미치는 영향을 알고 올바르게 사용한다.,스마트폰·인터넷 과의존이 건강에 미치는 영향을 정확히 알고 올바르게 사용한다.,,
보건,9,[9보건03-01],청소년기 남녀의 신체 변화를 알고 건강하게 관리한다.,청소년기 남녀의 다양한 신체 변화를 정확히 알고 건강하게 관리한다.,,
보건,9,[9보건03-02],청소년기 남녀의 심리 변화를 알고 자신의 변화에 긍정적인 태도를 지닌다.,청소년기 남녀의 다양한 심리 변화를 정확히 알고 자신의 변화에 긍정적인 태도를 실천한다.,,
보건,9,[9보건03-03],성폭력에 대해 인식하고 위험으로부터 안전하게 대처한다.,성폭력에 대해 정확히 인식하고 위험으로부터 안전하게 적극 대처한다.,,
보건,9,[9보건03-04],"성 인권의 의미를 알고, 타인과 건강한 사회적 관계를 맺는다.",성 인권의 의미를 정확히 알고 타인과 건강한 사회적 관계를 적극 형성한다.,,
보건,9,[9보건04-01],가정폭력과 학교폭력의 유형과 위험을 알고 예방하며 적절히 대처한다.,가정폭력과 학교폭력의 다양한 유형과 위험을 정확히 알고 예방하며 적극 대처한다.,,
보건,9,[9보건04-02],안전사고의 위험 요인을 알고 사고 예방을 위한 안전 수칙을 실천한다.,다양한 안전사고의 위험 요인을 정확히 알고 사고 예방을 위한 안전 수칙을 적극 실천한다.,,
보건,9,[9보건04-03],교통사고의 위험 요인을 알고 사고 예방을 위한 안전 수칙을 실천한다.,교통사고의 다양한 위험 요인을 정확히 알고 사고 예방을 위한 안전 수칙을 적극 실천한다.,,
보건,9,[9보건04-04],일상생활 속 응급 상황의 발생 유형을 알고 응급처치 방법을 적용한다.,일상의 다양한 응급 상황 발생 유형을 정확히 알고 응급처치 방법을 적용하여 실천한다.,,
보건,12,[12보건01-01],생활 습관과 질병의 관련성을 이해하고 신체 기관별 건강 문제에 대한 예 방과 관리 방법의 생활화를 위해 설정하였다.,생활 습관과 질병의 관련성을 정확히 이해하고 신체 기관별 건강 관리를 일상에서 적극 실천한다.,,
보건,12,[12보건01-02],주요 감염병의 종류와 증상을 이해하여 감염병을 예방하고 관리한다.,주요 감염병의 종류와 증상을 정확히 이해하여 감염병을 예방하고 적극 관리한다.,,
보건,12,[12보건01-03],의료 기관의 종류와 이용 방법을 알고 증상에 맞는 의료 기관을 선택하여 이용한다.,의료 기관의 다양한 종류와 이용 방법을 정확히 알고 증상에 맞는 의료 기관을 적극 이용한다.,,
보건,12,[12보건01-04],정신 건강 문제의 특성을 이해하고 예방과 관리 방법을 적용한다.,정신 건강 문제의 다양한 특성을 정확히 이해하고 예방·관리 방법을 적극 적용한다.,,
보건,12,[12보건02-01],건강한 생활 문화를 구분하고 건강 정보와 자원을 적절히 활용한다.,건강한 생활 문화를 정확히 구분하고 건강 정보와 자원을 적극 활용한다.,,
보건,12,[12보건02-02],"흡연과 음주의 개인적, 사회적 문제를 인식하고 올바르게 대처한다.",흡연과 음주의 개인적·사회적 문제를 정확히 인식하고 올바르게 적극 대처한다.,,
보건,12,[12보건02-03],약물 중독이 건강에 미치는 영향을 이해하고 올바르게 대처한다.,약물 중독이 건강에 미치는 영향을 정확히 이해하고 올바르게 적극 대처한다.,,
보건,12,[12보건02-04],"스마트폰?인터넷 중독이 개인적, 사회적 건강에 미치는 영향을 이해하고 예방과 대처 방법을 실천한다.",스마트폰·인터넷 중독이 건강에 미치는 영향을 정확히 이해하고 예방·대처를 적극 실천한다.,,
보건,12,[12보건03-01],"임신, 출산, 피임의 과정을 이해하고, 건강한 관리 방법을 조사한다.","임신, 출산, 피임의 과정을 정확히 이해하고 건강한 관리 방법을 적극 조사한다.",,
보건,12,[12보건03-02],생명을 존중하는 태도를 바탕으로 바람직한 부모 역할을 찾는다.,생명을 존중하는 태도를 바탕으로 바람직한 부모 역할을 정확히 찾아 표현한다.,,
보건,12,[12보건03-03],"성 상품화와 성폭력의 유형을 알고, 위험으로부터 안전하게 대처한다.",성 상품화와 성폭력의 다양한 유형을 정확히 알고 위험으로부터 안전하게 적극 대처한다.,,
보건,12,[12보건03-04],"성 인권을 이해하고, 성적 의사 결정 상황에서 바르게 표현한다.",성 인권을 정확히 이해하고 성적 의사 결정 상황에서 바르게 표현한다.,,
보건,12,[12보건04-01],학교폭력과 사이버 폭력의 위험을 알고 예방하며 폭력 상황에 적절히 대처한다.,학교폭력과 사이버 폭력의 위험을 정확히 알고 예방하며 폭력 상황에 적극 대처한다.,,
보건,12,[12보건04-02],사회 재난의 위험을 알고 재난 발생 시 올바르게 대응한다.,사회 재난의 다양한 위험을 정확히 알고 재난 발생 시 올바르게 적극 대응한다.,,
보건,12,[12보건04-03],자연 재난의 위험을 알고 재난 발생 시 올바르게 대응한다.,자연 재난의 다양한 위험을 정확히 알고 재난 발생 시 올바르게 적극 대응한다.,,
보건,12,[12보건04-04],환경오염으로 발생하는 문제점과 건강과의 관계를 알고 적절히 대응한다.,환경오염의 문제점과 건강과의 관계를 정확히 알고 적절히 적극 대응한다.,,
